symbol,name,country,price,support,stable_days,rebound,tested,confirmed,rsi,split_ratio,split_date,dd,ema_ok,rsi_min,macd_x,gap,short_avail,news_n,anchor_n,rise20,macd_pos,short_src
AAME,Atlantic American Corporation - Common Stock,أمريكا,1.26,1.25,27,28.0,1,0,46.7,,,61.1,1,46.7,0,0.0,-1,0,2,11.9,0,
ABAT,American Battery Technology Company - Common Stock,أمريكا,2.17,2.0,45,44.2,1,1,46.3,,,81.1,1,29.4,0,273.7,-1,0,4,16.9,0,
ABLV,Able View Global Inc. - Class B Ordinary Shares,أمريكا,2.55,0.656,34,297.9,0,0,94.1,,,2.3,0,85.0,0,0.0,-1,0,0,211.5,1,
ABOS,Acumen Pharmaceuticals  Inc. - Common Stock,أمريكا,2.13,2.015,1,7.2,0,0,21.9,,,40.8,1,20.9,0,0.0,-1,0,2,16.7,0,
ABTS,Abits Group Inc - Ordinary Shares,أمريكا,1.22,0.95,38,69.2,0,0,33.0,,,88.6,1,28.5,0,24.6,-1,0,3,27.6,0,
ABUS,Arbutus Biopharma Corporation - Common Stock,أمريكا,4.67,4.25,51,28.2,1,1,33.0,,,14.3,1,12.5,0,0.0,-1,0,2,9.6,0,
ACB,Aurora Cannabis Inc. - Common Shares,أمريكا,4.46,2.56,56,81.6,0,0,73.2,,,33.1,0,56.5,0,0.0,-1,0,0,26.4,0,
ACCL,Acco Group Holdings Limited - Class A Ordinary Shares,أمريكا,2.58,1.82,59,75.8,0,0,30.4,,,48.4,1,30.4,0,0.0,-1,0,1,31.6,0,
ACDC,ProFrac Holding Corp. - Class A Common Stock,أمريكا,4.75,3.51,41,61.8,0,0,47.4,,,42.2,1,19.9,0,0.0,-1,0,2,24.1,0,
ACIU,AC Immune SA - Common Stock,أمريكا,2.71,2.12,55,41.5,0,0,51.5,,,32.2,0,41.8,0,0.0,-1,0,0,19.8,0,
ACON,Aclarion  Inc. - Common Stock,أمريكا,2.34,1.95,46,51.8,0,0,40.9,,,80.5,1,40.9,0,211.5,-1,0,3,27.8,0,
ACRS,Aclaris Therapeutics  Inc. - Common Stock,أمريكا,4.27,4.065,0,8.4,0,0,28.0,,,35.3,1,28.0,0,0.0,-1,0,2,19.1,0,
ACRV,Acrivon Therapeutics  Inc. - Common Stock,أمريكا,1.98,1.41,47,69.5,0,0,58.2,,,44.4,0,50.5,0,44.4,-1,0,1,34.1,0,
ACTG,Acacia Research Corporation - Common Stock,أمريكا,4.3,4.23,8,4.7,0,0,22.9,,,18.4,1,22.9,0,17.7,-1,0,2,4.7,0,
ACXP,Acurx Pharmaceuticals  Inc. - Common Stock,أمريكا,1.31,1.23,3,10.2,0,0,42.4,,,84.3,1,25.9,0,121.4,-1,0,4,10.2,0,
ADAG,Adagene Inc. - ADS  each representing 1.25 ordinary shares,أمريكا,2.8,2.67,0,7.5,0,0,44.7,,,42.3,1,37.6,0,0.0,-1,0,1,23.5,0,
ADIL,Adial Pharmaceuticals  Inc - Common Stock,أمريكا,4.35,2.5,50,188.0,0,0,38.6,1:25,2026-02-06,59.5,1,23.0,0,0.0,-1,0,3,27.3,0,
ADXN,Addex Therapeutics Ltd - American Depositary Shares,أمريكا,3.1,2.56,5,46.1,1,1,46.1,,,74.1,1,34.1,0,0.0,-1,0,2,46.1,1,
AEC,Anfield Energy Inc. - Common Shares,أمريكا,3.44,3.16,3,10.8,1,1,41.5,,,72.5,1,25.0,0,0.0,-1,0,3,18.6,0,
AENT,Alliance Entertainment Holding Corporation - common stock,أمريكا,4.69,4.36,2,8.5,0,0,35.0,,,46.7,1,9.0,0,0.0,-1,0,2,49.4,0,
AFCG,Advanced Flower Capital Inc. - Common Stock,أمريكا,3.32,2.535,50,45.6,0,0,38.5,,,11.5,0,38.5,0,0.0,-1,0,0,10.4,0,
AGNT,AGNT  Inc. - Common Stock,أمريكا,3.87,3.4,7,14.4,0,0,49.6,,,67.4,1,32.6,1,0.0,-1,0,3,16.5,1,
AGRZ,Agroz Inc. - Class A Ordinary Shares,أمريكا,3.405,2.886,2,23.7,0,0,27.5,1:20,2026-09-29,97.6,1,19.1,0,974.9,-1,0,4,107.5,0,
AHG,Akso Health Group - American Depositary Shares,أمريكا,1.16,0.681,4,71.8,0,0,81.8,,,53.6,0,36.9,0,0.0,-1,0,1,71.8,1,
AHMA,Ambitions Enterprise Management Co. L.L.C - Class A Ordinary Shares,أمريكا,1.32,1.15,19,82.6,0,0,48.1,,,96.7,1,27.8,0,69.7,-1,0,4,82.6,1,
AIAI,AIAI Holdings Corporation - Class A common stock,أمريكا,3.46,3.03,17,40.9,1,1,49.6,,,82.3,1,44.0,0,0.0,-1,0,2,40.9,1,
AIBZ,Bitzero Holdings Inc. - Common Shares,أمريكا,3.99,3.93,1,6.1,0,0,48.7,,,61.1,1,42.6,0,0.0,-1,0,2,31.1,1,
AIFF,Firefly Neuroscience  Inc.  - Common Stock,أمريكا,1.3,0.93,13,129.0,0,0,57.1,,,58.7,0,57.1,0,0.0,-1,0,1,129.0,1,
AIIO,Robo.ai Inc. - Class B Ordinary Shares,أمريكا,1.11,1.105,0,7.7,0,0,16.9,1:20,2026-04-06,97.3,1,15.5,0,0.0,-1,0,3,12.4,1,
AIMD,Ainos  Inc. - Common Stock,أمريكا,1.33,1.2,4,16.7,0,0,46.6,,,70.0,1,29.7,0,0.0,-1,0,3,22.4,0,
AIOT,PowerFleet  Inc. - Common Stock,أمريكا,2.82,2.55,5,13.3,0,0,40.2,,,52.0,1,38.0,0,46.1,-1,0,3,13.3,1,
AIRE,reAlpha Tech Corp. - Common Stock,أمريكا,1.33,1.25,51,48.8,1,1,26.2,1:25,2026-04-30,95.9,1,24.4,0,1159.4,-1,0,4,16.8,0,
AIRG,Airgain  Inc. - Common Stock,أمريكا,4.2,4.06,2,22.2,1,1,27.5,,,45.2,1,17.6,0,0.0,-1,0,2,22.2,0,
AIRJ,AirJoule Technologies Corporation - Class A Common Stock,أمريكا,3.78,3.51,54,89.5,0,0,37.7,,,44.0,1,31.2,0,0.0,-1,0,1,13.1,0,
AIRS,AirSculpt Technologies  Inc. - Common Stock,أمريكا,1.91,1.635,2,19.9,0,0,42.6,,,84.1,1,26.2,1,376.3,-1,0,5,23.5,1,
AISP,Airship AI Holdings  Inc - Class A Common Stock,أمريكا,2.02,1.685,47,69.7,0,0,57.3,,,71.9,0,30.8,1,0.0,-1,0,2,64.4,1,
AIXI,XIAO-I Corporation - American Depositary Shares,أمريكا,1.51,0.4,30,743.7,0,0,32.8,1:7,2026-09-08,97.2,1,8.7,0,1078.8,-1,0,4,91.5,0,
AKAN,Akanda Corp. - Common Shares,أمريكا,1.91,1.85,0,5.9,0,0,33.3,1:5,2026-04-13,97.6,1,31.8,0,790.6,-1,0,3,35.6,1,
ALAR,Alarum Technologies Ltd. - American Depositary Shares,أمريكا,1.66,1.16,22,112.1,0,0,22.4,,,90.0,1,22.4,0,586.7,-1,0,4,68.5,0,
ALEC,Alector  Inc. - Common Stock,أمريكا,1.99,1.37,58,101.5,0,0,47.3,,,41.5,1,25.6,0,55.3,-1,0,3,52.5,0,
ALLO,Allogene Therapeutics  Inc. - Common Stock,أمريكا,1.5,1.45,0,4.8,0,0,17.6,,,66.4,1,15.0,0,0.0,-1,0,3,9.3,0,
ALLR,Allarity Therapeutics  Inc. - Common stock,أمريكا,1.0,0.901,5,20.2,1,1,40.5,,,45.7,1,25.1,0,40.0,-1,0,3,20.2,0,
ALP,Alpha Compute Corp  - Ordinary Shares,أمريكا,4.39,0.095,18,5994.7,0,0,55.7,,,68.2,0,55.7,0,122.6,-1,0,2,5994.7,0,
ALT,Altimmune  Inc. - Common Stock,أمريكا,2.67,2.65,0,3.6,0,0,21.4,,,58.5,1,21.3,0,0.0,-1,0,3,8.7,0,
ALTI,AlTi Global  Inc. - Class A Common Stock,أمريكا,2.95,2.87,0,4.2,0,0,35.7,,,45.8,1,29.1,1,0.0,-1,0,3,12.9,1,
ALTO,Alto Ingredients  Inc. - Common Stock,أمريكا,3.79,3.53,2,8.5,0,0,27.3,,,38.0,1,25.3,1,32.7,-1,0,4,8.5,1,
ALXO,ALX Oncology Holdings Inc. - Common Stock,أمريكا,1.21,1.14,0,11.4,0,0,13.0,,,54.5,1,12.7,0,0.0,-1,0,3,14.4,0,
ALZN,Alzamend Neuro  Inc. - Common Stock,أمريكا,1.41,1.11,58,75.7,0,0,32.9,,,47.4,1,30.6,0,0.0,-1,0,1,36.5,0,
AMBR,Amber International Holding Limited - American Depositary Shares,أمريكا,1.88,0.83,32,153.0,0,0,68.3,,,44.2,0,68.0,0,0.0,-1,0,0,153.0,1,
AMCI,AMC Robotics Corporation - Common Stock,أمريكا,2.97,2.93,0,5.8,0,0,43.6,,,81.4,1,42.9,0,0.0,-1,0,2,33.2,1,
AMIX,Autonomix Medical  Inc. - Common Stock,أمريكا,3.54,2.44,48,911.5,0,0,29.9,1:21,2026-06-24,89.1,1,22.3,0,58.8,-1,0,4,16.7,1,
AMOD,Alpha Modus Holdings  Inc. - Class A Common Stock,أمريكا,3.78,1.12,2,366.1,0,0,74.1,1:40,2026-06-15,92.7,0,11.5,0,206.9,-1,0,3,366.1,1,
AMPG,Amplitech Group  Inc. - Common Stock,أمريكا,2.97,2.9,0,4.7,0,0,27.5,,,70.6,1,27.2,0,98.0,-1,0,4,8.1,1,
AMTX,Aemetis  Inc - Common Stock,أمريكا,1.76,1.38,47,60.9,0,0,42.4,,,53.7,1,36.5,0,100.9,-1,0,3,28.3,0,
ANGH,Anghami Inc. - Ordinary Shares,أمريكا,3.726,3.07,56,30.3,1,1,60.7,,,52.8,0,55.0,0,29.3,-1,0,1,23.2,0,
ANIX,Anixa Biosciences  Inc. - Common Stock,أمريكا,2.95,2.56,13,16.8,0,0,63.3,,,46.0,1,50.5,0,0.0,-1,0,1,16.8,1,
ANNA,AleAnna  Inc. - Class A Common Stock,أمريكا,2.69,2.4,38,49.6,0,0,21.3,,,74.7,1,16.4,0,188.8,-1,0,4,18.5,0,
ANNX,Annexon  Inc. - common stock,أمريكا,4.2,3.63,6,20.7,0,0,58.3,,,41.5,1,43.5,0,0.0,-1,0,1,20.7,1,
ANPA,Rich Sparkle Holdings Limited - Ordinary Shares,أمريكا,2.02,1.85,3,11.9,1,1,35.8,,,98.9,1,16.6,0,58.9,-1,0,4,20.9,1,
ANTA,Antalpha Platform Holding Company - Class A Ordinary Shares,أمريكا,2.55,2.05,3,70.2,1,1,28.0,,,81.5,1,18.1,0,354.1,-1,0,4,70.2,0,
API,Agora  Inc. - ADS,أمريكا,4.15,3.81,50,27.4,1,1,59.8,,,24.5,1,50.0,0,0.0,-1,0,1,13.1,0,
APVO,Aptevo Therapeutics Inc. - Common Stock,أمريكا,1.8,1.37,21,59.1,1,1,57.9,1:18,2025-12-30,94.9,1,45.3,0,810.0,-1,0,3,15.8,1,
APWC,Asia Pacific Wire & Cable Corporation Limited  - Common shares  Par value .01 per share,أمريكا,1.355,1.28,15,13.3,1,1,47.8,,,40.6,1,33.3,0,0.0,-1,0,1,13.3,1,
APYX,Apyx Medical Corporation - Common Stock,أمريكا,2.6,2.32,5,27.2,1,1,37.1,,,48.8,1,33.3,0,0.0,-1,0,1,27.2,0,
AQMS,Aqua Metals  Inc. - Common Stock,أمريكا,2.1,2.06,0,12.6,0,0,44.1,,,94.7,1,44.1,0,0.0,-1,0,2,24.1,0,
AQST,Aquestive Therapeutics  Inc. - Common Stock,أمريكا,4.57,3.56,47,54.1,0,0,42.4,,,39.5,1,36.4,0,33.3,-1,0,2,13.2,0,
ARBB,ARB IOT Group Limited - Ordinary Shares,أمريكا,4.48,4.0,49,35.7,1,1,55.1,,,58.0,0,46.1,0,3.1,-1,0,1,11.9,1,
ARBK,Argo Blockchain plc - American Depositary Shares,أمريكا,2.29,2.15,7,19.1,1,1,16.0,1:216,2025-12-12,98.9,1,4.3,0,4257.7,-1,0,4,19.5,0,
ARDX,Ardelyx  Inc. - Common Stock,أمريكا,3.39,3.28,0,4.3,0,0,49.2,,,59.6,1,27.0,0,42.0,-1,0,4,9.0,1,
AREC,American Resources Corporation - Class A Common Stock,أمريكا,1.74,1.453,55,103.1,0,0,22.9,,,75.1,1,18.4,0,0.0,-1,0,3,7.7,0,
ARKO,ARKO Corp. - Common Stock,أمريكا,4.21,3.98,3,6.8,0,0,36.7,,,51.6,1,27.0,0,69.5,-1,0,4,7.6,1,
ARKR,Ark Restaurants Corp. - Common Stock,أمريكا,4.5,4.4,4,3.0,0,0,38.8,,,52.6,1,34.9,0,64.4,-1,0,3,8.7,1,
ARQ,Arq  Inc. - Common Stock,أمريكا,2.02,1.86,5,10.2,0,0,46.2,,,72.6,1,26.2,0,207.4,-1,0,4,10.2,0,
ARRY,Array Technologies  Inc. - Common Stock,أمريكا,3.9,3.76,7,9.6,0,0,35.9,,,68.1,1,26.8,0,173.1,-1,0,4,9.6,1,
ARTL,Artelo Biosciences  Inc. - Common Stock,أمريكا,3.51,3.45,13,355.9,1,0,39.8,1:9,2026-08-31,98.0,1,39.8,0,1048.7,-1,0,3,355.9,0,
ARTW,Art's-Way Manufacturing Co.  Inc. - Common Stock,أمريكا,3.3,2.07,45,101.4,1,1,65.2,,,20.9,0,48.9,0,0.0,-1,0,0,13.8,0,
ASLE,AerSale Corporation - Common Stock,أمريكا,4.95,4.89,0,2.7,0,0,22.9,,,42.3,1,20.5,0,47.4,-1,0,3,6.3,0,
ASPI,ASP Isotopes Inc. - Common Stock,أمريكا,2.93,2.51,5,21.7,0,0,41.5,,,79.8,1,15.7,1,54.8,-1,0,5,21.7,1,
ASRV,AmeriServ Financial Inc. - Common Stock,أمريكا,4.42,3.745,59,43.6,0,0,37.9,,,17.8,1,33.8,0,0.0,-1,0,1,10.4,0,
ASTI,Ascent Solar Technologies  Inc - Common Stock,أمريكا,2.46,2.23,0,13.9,0,0,39.9,,,75.1,1,30.3,0,0.0,-1,0,2,19.4,0,
ASTL,Algoma Steel Group Inc. - Common Shares,أمريكا,4.45,3.58,59,41.6,0,0,58.1,,,24.6,0,44.1,1,0.0,-1,0,1,16.7,1,
ATCX,Atlas Critical Minerals Corporation - Common Stock,أمريكا,2.75,2.57,41,51.8,0,0,28.8,,,80.4,1,21.3,0,0.0,-1,0,3,24.6,0,
ATGL,Alpha Technology Group Limited - Class A Ordinary Shares,أمريكا,4.8,4.52,14,60.0,1,1,51.2,,,90.4,1,42.8,0,0.0,-1,0,2,60.0,1,
ATHE,Alterity Therapeutics Limited - American Depositary Shares,أمريكا,3.22,3.1,0,6.1,0,0,43.2,,,45.3,1,34.0,0,0.0,-1,0,1,14.3,0,
ATHR,Aether Holdings  Inc. - Common Stock,أمريكا,3.16,2.79,22,50.5,0,0,47.6,,,53.9,1,47.6,0,0.0,-1,0,2,40.0,0,
ATLX,Atlas Lithium Corporation - Common Stock,أمريكا,2.57,2.388,4,8.5,0,0,35.3,,,68.8,1,18.7,0,105.1,-1,0,4,10.7,0,
ATOM,Atomera Incorporated - Common Stock,أمريكا,4.62,3.76,14,32.2,0,0,72.9,,,62.6,0,53.8,0,16.6,-1,0,1,32.2,1,
ATOS,Atossa Therapeutics  Inc. - Common Stock,أمريكا,2.45,1.82,5,37.4,0,0,53.1,1:15,2026-02-02,87.3,0,31.5,1,402.0,-1,0,3,37.4,1,
ATPC,Agape ATP Corporation - Common Stock,أمريكا,2.12,2.02,2,7.4,0,0,35.4,1:50,2026-02-10,97.1,1,21.0,0,2730.2,-1,0,4,14.0,0,
ATTT,Atlas Trinity Tech Limited - Ordinary Shares,أمريكا,2.61,2.38,35,70.2,0,0,47.7,1:16,2025-11-07,69.2,1,47.2,0,4.2,-1,0,2,57.9,1,
ATXG,Addentax Group Corp. - Common Stock,أمريكا,3.4,2.95,44,69.1,0,0,38.4,1:15,2026-03-30,79.4,1,33.7,0,0.0,-1,0,2,22.4,0,
AURE,Aurelion Inc.  - Class A Ordinary Shares,أمريكا,1.07,1.0,3,73.0,1,1,32.0,1:10,2026-02-19,92.7,1,29.3,0,0.0,-1,0,3,73.0,0,
AUTL,Autolus Therapeutics plc - American Depositary Shares,أمريكا,1.83,1.38,53,87.0,0,0,45.4,,,29.1,1,36.3,0,0.0,-1,0,1,13.4,0,
AUUD,Auddia Inc. - Common Stock,أمريكا,1.33,0.816,40,114.5,0,0,69.4,1:8,2026-04-01,92.9,0,62.7,0,1083.2,-1,0,2,85.6,1,
AVAT,Avalanche Treasury Corporation - Class A Common Stock,أمريكا,1.88,0.285,44,805.3,0,0,69.3,,,82.4,0,64.7,0,464.9,-1,0,2,241.3,1,
AVXL,Anavex Life Sciences Corp. - Common Stock,أمريكا,1.645,1.63,0,11.3,0,0,15.6,,,84.2,1,15.6,0,152.9,-1,0,4,25.9,0,
AWRE,Aware  Inc. - Common Stock,أمريكا,1.08,1.06,2,9.4,0,0,34.1,,,62.0,1,32.6,0,0.0,-1,0,2,10.4,0,
AYTU,Aytu BioPharma  Inc.  - Common Stock,أمريكا,2.04,1.89,13,24.3,0,0,53.6,,,33.6,1,53.6,0,0.0,-1,0,1,24.3,0,
AZI,Autozi Internet Technology (Global) Ltd. - Class A Ordinary Shares,أمريكا,1.14,1.0,42,158.0,0,0,35.5,1:10,2026-03-23,99.0,1,35.5,0,7136.8,-1,0,3,8.1,0,
AZIO,Azio AI Holdings  Inc. - Common stock,أمريكا,1.17,1.075,30,34.9,0,0,49.5,,,76.2,1,49.5,0,0.0,-1,0,2,27.2,0,
BANL,CBL International Limited - Class B Ordinary Shares,أمريكا,4.57,3.432,56,377.7,0,0,23.3,1:13,2026-07-20,72.1,1,16.8,0,0.0,-1,0,3,48.4,0,
BBOT,BridgeBio Oncology Therapeutics  Inc. - Common Stock,أمريكا,3.6,3.575,0,8.5,0,0,19.8,,,75.8,1,9.7,1,0.0,-1,0,4,40.7,1,
BCDA,BioCardia  Inc. - Common Stock,أمريكا,1.09,0.75,48,86.7,0,0,36.0,,,39.4,0,34.7,0,0.0,-1,0,0,30.8,0,
BCG,Binah Capital Group  Inc. - Common Stock,أمريكا,1.05,1.01,1,7.9,0,0,23.7,,,69.5,1,15.3,0,0.0,-1,0,3,13.3,0,
BCTX,BriaCell Therapeutics Corp. - Common Shares,أمريكا,4.18,3.27,44,35.5,0,0,64.9,,,71.5,0,62.6,0,116.7,-1,0,2,29.5,1,
BCYC,Bicycle Therapeutics plc - American Depositary Shares,أمريكا,4.01,3.33,1,21.3,0,0,60.8,,,56.2,0,28.0,1,0.0,-1,0,3,21.3,1,
BDTX,Black Diamond Therapeutics  Inc. - Common Stock,أمريكا,1.94,1.62,45,43.2,0,0,46.1,,,60.7,1,29.8,0,79.1,-1,0,4,7.7,0,
BEEM,Beam Global - Common Stock,أمريكا,1.11,0.965,47,81.3,0,0,9.1,,,72.5,1,8.3,0,0.0,-1,0,3,8.0,0,
BEEP,Mobile Infrastructure Corporation - Common Stock,أمريكا,2.87,1.59,46,99.4,0,0,51.9,,,24.1,0,22.4,0,0.0,-1,0,1,35.1,0,
BENF,Beneficient - Class A Common Stock,أمريكا,1.31,0.498,9,532.5,0,0,57.4,1:8,2025-12-15,89.5,1,47.5,0,8.0,-1,0,2,532.5,1,
BGIN,Bgin Blockchain Limited - Class A Ordinary Shares,أمريكا,2.45,1.61,38,110.6,0,0,67.6,,,62.3,0,66.9,0,0.0,-1,0,1,96.0,1,
BGLC,BioNexus Gene Lab Corp - Common stock,أمريكا,1.28,1.16,3,23.3,1,1,37.3,,,78.3,1,21.5,0,0.0,-1,0,3,23.3,0,
BHST,BioHarvest Sciences Inc. - Common Stock,أمريكا,1.465,1.42,6,12.7,0,0,17.0,,,88.6,1,13.2,1,0.0,-1,0,4,22.1,1,
BIRD,Smartbird  Inc. - Class A Common Stock,أمريكا,3.41,1.915,44,103.1,0,0,80.6,,,84.0,0,41.0,0,0.0,-1,0,1,73.7,1,
BIVI,BioVie Inc. - Common stock,أمريكا,1.44,0.82,41,362.2,0,0,17.0,,,62.0,1,10.7,0,0.0,-1,0,3,21.9,0,
BIYA,Baiya International Group Inc.  - Ordinary Shares,أمريكا,1.4,1.4,0,15.7,0,0,13.6,1:10,2026-07-13,99.2,1,13.6,0,3578.6,-1,0,4,67.4,0,
BKYI,BIO-key International  Inc. - Common Stock,أمريكا,1.93,1.63,6,185.9,0,0,40.4,1:10,2026-04-30,90.2,1,40.4,0,0.0,-1,0,2,185.9,1,
BLDP,Ballard Power Systems  Inc. - Common Shares,أمريكا,2.06,1.98,2,6.1,0,0,44.2,,,68.6,1,29.7,0,0.0,-1,0,3,9.7,1,
BLIV,BeLive Holdings - ordinary shares,أمريكا,2.3,2.06,25,39.3,1,1,56.5,,,46.8,0,50.7,0,48.3,-1,0,1,33.5,1,
BLRX,BioLineRx Ltd. - American Depositary Shares,أمريكا,2.32,2.29,0,3.1,0,0,36.8,,,49.1,1,36.8,0,0.0,-1,0,1,9.0,0,
BMBL,Bumble Inc. - common stock,أمريكا,2.55,2.49,4,8.6,0,0,21.0,,,57.3,1,21.0,0,114.5,-1,0,4,8.6,0,
BMEA,Biomea Fusion  Inc. - Common Stock,أمريكا,1.3,1.125,44,84.0,0,0,24.5,,,56.5,1,22.5,0,0.0,-1,0,3,27.4,0,
BMGL,Basel Medical Group Ltd - ordinary shares,أمريكا,3.17,2.95,1,19.3,0,0,21.1,1:12,2026-06-22,85.4,1,14.5,0,115.5,-1,0,4,101.3,0,
BMHL,Bluemount Holdings Limited - Class B Ordinary Shares,أمريكا,4.47,4.021,2,13.7,0,0,19.8,,,29.6,1,17.8,0,36.3,-1,0,3,21.8,0,
BMM,Blue Moon Metals Inc. - Common Shares,أمريكا,4.885,4.5,37,49.8,0,0,41.0,,,43.4,1,34.1,0,0.0,-1,0,1,25.7,0,
BMR,Beamr Imaging Ltd. - Ordinary Share,أمريكا,1.44,1.061,56,37.2,0,0,71.3,,,55.0,0,39.7,1,0.0,-1,0,2,21.3,1,
BMRA,Biomerica  Inc. - Common Stock,أمريكا,2.05,1.45,44,95.9,0,0,40.9,,,36.1,1,40.9,0,9.3,-1,0,1,44.2,0,
BNGO,Bionano Genomics  Inc. - Common Stock,أمريكا,1.445,1.0,45,123.0,0,0,43.9,,,35.2,0,43.9,0,0.0,-1,0,0,92.2,0,
BNKK,Bonk  Inc. - Common Stock,أمريكا,1.53,0.907,45,144.8,0,0,58.3,1:35,2025-12-11,90.9,0,58.3,0,0.0,-1,0,1,77.6,1,
BODI,The Beachbody Company  Inc. - Class A Common Stock,أمريكا,4.82,4.54,6,12.5,0,0,43.9,,,71.4,1,20.1,0,108.4,-1,0,4,12.5,1,
BOF,BranchOut Food Inc. - Common Stock,أمريكا,3.96,3.55,8,15.7,0,0,57.3,,,24.6,0,46.7,0,0.0,-1,0,0,15.7,1,
BOLD,Boundless Bio  Inc. - Common Stock,أمريكا,2.6,2.35,59,34.6,1,1,35.6,,,17.8,1,24.6,0,0.0,-1,0,2,11.6,0,
BOLT,Bolt Biotherapeutics  Inc. - Common Stock,أمريكا,3.499,3.1,11,25.8,0,0,35.2,,,51.4,1,35.2,0,0.0,-1,0,2,34.2,0,
BON,Bon Natural Life Limited - Class A Ordinary Shares,أمريكا,1.171,0.95,2,26.3,1,1,62.8,,,49.9,0,55.9,0,0.0,-1,0,0,26.3,0,
BOSC,B.O.S. Better Online Solutions - Ordinary Shares,أمريكا,4.64,4.2,59,20.2,0,0,25.8,,,31.0,0,25.8,0,0.0,-1,0,1,5.9,0,
BOXL,Boxlight Corporation - Class A Common Stock,أمريكا,4.61,2.59,46,281.9,0,0,42.5,1:6,2026-06-22,94.5,1,31.6,0,0.0,-1,0,2,24.4,0,
BRAG,Bragg Gaming Group Inc. - Common Shares,أمريكا,1.16,1.128,0,5.5,0,0,28.0,,,61.1,1,28.0,0,0.0,-1,0,3,20.8,0,
BRAI,Braiin Limited - Common Stock,أمريكا,4.54,4.24,0,17.9,0,0,17.4,,,86.2,1,17.1,0,0.0,-1,0,3,21.7,0,
BRLS,Borealis Foods Inc. - Class A Common Shares,أمريكا,1.215,0.7,46,245.7,0,0,36.8,,,71.5,1,32.1,0,0.0,-1,0,2,22.7,0,
BRLT,Brilliant Earth Group  Inc. - Class A Common Stock,أمريكا,1.4,1.03,42,45.6,0,0,51.7,,,51.7,0,24.2,0,0.0,-1,0,2,16.7,0,
BRNX,BrenX Ltd. - Ordinary Shares,أمريكا,1.89,1.61,1,34.8,0,0,27.2,1:6,2026-08-13,99.5,1,24.5,0,1804.8,-1,0,4,53.1,0,
BRTX,BioRestorative Therapies  Inc. - Common Stock,أمريكا,2.24,0.142,20,1955.3,0,0,32.5,,,23.5,0,24.5,0,0.0,-1,0,1,1933.9,0,
BSEM,BioStem Technologies  Inc. - Common Stock,أمريكا,2.755,2.251,36,141.7,0,0,31.8,,,67.2,1,29.6,0,0.0,-1,0,3,40.8,0,
BSIN,Big Sky Industrial Inc. - Common Stock,أمريكا,1.46,1.09,48,53.2,0,0,37.1,,,12.6,0,31.1,0,0.0,-1,0,0,9.9,0,
BTBD,BT Brands  Inc. - Common Stock,أمريكا,1.88,1.06,47,84.9,0,0,65.4,,,24.2,0,54.8,0,0.0,-1,0,0,28.9,0,
BTBT,Bit Digital  Inc. - Ordinary Share,أمريكا,1.54,1.18,47,59.3,0,0,54.8,,,66.2,1,49.5,0,0.0,-1,0,2,33.3,0,
BTCS,BTCS Inc. - Common Stock,أمريكا,1.51,0.963,55,76.5,0,0,62.5,,,75.4,0,53.8,0,219.2,-1,0,2,39.3,0,
BTCT,BTC Digital Ltd. - Ordinary Shares,أمريكا,1.22,0.43,34,539.5,0,0,49.0,,,60.9,0,34.4,0,5.7,-1,0,1,52.0,0,
BTMD,Biote Corp. - Class A common stock,أمريكا,1.12,1.1,0,5.9,0,0,11.4,,,65.6,1,11.4,0,92.4,-1,0,4,12.3,0,
BTQ,BTQ Technologies Corp. - Common Stock,أمريكا,3.15,2.56,13,25.0,0,0,70.1,,,80.3,0,46.2,0,230.5,-1,0,2,25.0,1,
BULLW,Webull Corporation - Warrants,أمريكا,2.22,2.0,46,91.5,1,1,21.0,,,63.2,1,11.1,0,108.1,-1,0,4,14.0,0,
BWEN,Broadwind  Inc. - Common Stock,أمريكا,4.16,3.44,47,65.7,0,0,58.7,,,27.0,1,50.9,0,0.0,-1,0,1,16.6,1,
BXBL,BOXABL  Inc.  - Common stock,أمريكا,3.25,3.05,2,10.5,0,0,23.7,,,78.5,1,22.6,0,194.5,-1,0,4,13.1,0,
BYAH,Park Ha Biological Technology Co.  Ltd. - Class A Ordinary Shares,أمريكا,2.3,2.04,13,93.6,1,1,37.5,1:8,2026-08-06,98.8,1,37.5,0,3987.0,-1,0,3,93.6,1,
BYRN,Byrna Technologies  Inc. - Common Stock,أمريكا,3.63,3.17,54,63.1,1,1,46.0,,,88.1,1,38.2,1,363.9,-1,0,4,13.8,1,
BZFD,BuzzFeed  Inc. - Class A Common Stock,أمريكا,1.16,1.02,7,18.6,0,0,62.8,,,47.5,0,50.0,0,0.0,-1,0,0,18.6,1,
BZUN,Baozun Inc. - American Depositary Shares,أمريكا,3.29,2.42,51,37.6,0,0,86.8,,,18.0,0,76.8,0,0.0,-1,0,0,23.3,1,
CAAS,China Automotive Systems  Inc. - Ordinary Share,أمريكا,4.7,4.24,46,33.0,0,0,19.4,,,16.7,1,11.6,0,0.0,-1,0,2,5.5,0,
CABA,Cabaletta Bio  Inc. - Common Stock,أمريكا,2.08,1.83,1,15.8,0,0,27.7,,,50.8,1,17.3,0,0.0,-1,0,3,16.9,0,
CABR,Caring Brands  Inc. - Common Stock,أمريكا,1.13,1.05,18,35.7,0,0,45.5,,,38.6,1,45.5,0,0.0,-1,0,1,35.7,0,
CALC,CalciMedica  Inc. - Common Stock,أمريكا,1.54,1.54,0,5.4,0,0,10.7,1:5,2026-08-31,95.7,1,5.2,0,1511.4,-1,0,4,20.9,1,
CAMP,CAMP4 Therapeutics Corporation - Common Stock,أمريكا,4.01,2.9,50,106.9,0,0,45.6,,,48.3,1,37.8,0,0.0,-1,0,1,17.0,0,
CAST,FreeCast  Inc. - Class A common stock,أمريكا,1.17,0.83,34,188.0,0,0,37.5,,,96.5,1,26.6,1,0.0,-1,0,4,25.0,1,
CBAT,CBAK Energy Technology Limited - Ordinary Shares,أمريكا,1.31,0.48,47,222.9,0,0,63.7,,,15.5,0,61.5,0,0.0,-1,0,0,68.5,1,
CBUS,Cibus  Inc. - Class A Common Stock,أمريكا,1.68,1.35,4,31.1,0,0,56.9,,,59.9,0,47.2,0,59.5,-1,0,2,31.1,1,
CCCC,C4 Therapeutics  Inc. - Common Stock,أمريكا,2.99,2.88,7,17.0,1,1,32.8,,,42.2,1,30.6,0,0.0,-1,0,1,17.0,0,
CCLD,CareCloud  Inc. - Common Stock,أمريكا,2.04,1.99,2,5.0,0,0,48.9,,,47.0,1,42.6,0,28.4,-1,0,1,9.9,1,
CDIO,Cardio Diagnostics Holdings Inc. - Common stock,أمريكا,2.06,1.44,49,62.5,0,0,56.5,,,74.0,0,30.8,1,121.4,-1,0,3,20.5,1,
CDLX,Cardlytics  Inc. - Common Stock,أمريكا,2.76,2.47,1,15.0,0,0,13.4,1:10,2026-06-08,89.7,1,2.5,0,497.8,-1,0,4,21.8,0,
CDTG,CDT Environmental Technology Investment Holdings Limited - ordinary shares,أمريكا,1.03,0.73,53,1061.6,0,0,24.1,1:25,2026-06-01,94.5,1,23.7,0,0.0,-1,0,3,46.8,0,
CDXS,Codexis  Inc. - Common Stock,أمريكا,1.39,1.27,12,13.4,1,1,48.6,,,53.4,1,35.7,0,41.7,-1,0,3,13.4,1,
CDZI,Cadiz  Inc. - Common Stock,أمريكا,3.57,2.87,47,53.3,0,0,51.5,,,48.7,1,35.8,0,0.0,-1,0,1,18.8,0,
CELU,Celularity Inc. - Class A Common Stock,أمريكا,1.71,0.601,45,324.3,0,0,75.3,,,32.9,0,44.4,1,0.0,-1,0,1,59.3,1,
CENN,Cenntro Inc. - Common Stock,أمريكا,3.79,3.068,47,57.6,0,0,28.6,1:60,2026-04-13,90.4,1,28.6,0,86.5,-1,0,4,25.3,0,
CEPL,Capstone Energy Plus  Inc. - Common Stock,أمريكا,4.15,4.06,0,8.9,0,0,27.1,,,66.3,1,27.1,0,0.0,-1,0,3,35.3,0,
CERS,Cerus Corporation - Common Stock,أمريكا,2.34,2.06,45,49.5,0,0,41.1,,,32.6,1,34.8,0,0.0,-1,0,1,9.8,0,
CETX,Cemtrex Inc. - Common Stock,أمريكا,1.95,1.95,0,7.2,0,0,23.9,1:10,2026-06-05,98.0,1,23.9,1,1407.7,-1,0,5,21.1,1,
CGEN,Compugen Ltd. - Ordinary Shares,أمريكا,2.31,2.17,44,35.5,1,1,40.7,,,28.7,1,36.1,0,0.0,-1,0,1,6.9,0,
CGTL,Creative Global Technology Holdings Limited - Class A Ordinary Shares,أمريكا,3.75,3.42,40,86.5,1,1,37.0,1:15,2026-07-07,96.1,1,37.0,0,0.0,-1,0,2,15.8,1,
CHGA,Change Agents Corporation  - Common Stock,أمريكا,2.29,1.795,13,101.7,1,1,59.6,1:20,2026-08-31,95.3,1,35.5,0,0.0,-1,0,2,101.7,1,
CHNR,China Natural Resources  Inc. - Common Shares,أمريكا,3.87,3.56,54,23.3,1,1,54.5,,,52.8,1,46.5,0,0.0,-1,0,2,15.6,1,
CHR,Cheer Holding  Inc.  - Class A Ordinary Share,أمريكا,1.55,1.47,2,12.2,0,0,46.2,1:3,2026-04-07,96.3,1,41.5,0,287.1,-1,0,3,18.2,1,
CHRS,Coherus Oncology  Inc. - Common Stock,أمريكا,1.12,1.08,0,7.4,0,0,34.3,,,57.2,1,31.5,0,67.0,-1,0,3,21.2,0,
CHSN,Chanson International Holding - Class A Ordinary Shares,أمريكا,1.06,0.915,39,56.3,0,0,48.6,1:100,2026-05-07,99.7,1,48.6,0,1409.4,-1,0,3,45.9,1,
CIIT,Tianci International  Inc. - Common Stock,أمريكا,2.58,2.26,13,32.3,1,1,58.1,1:10,2026-07-20,96.4,1,41.0,0,411.6,-1,0,3,32.3,1,
CING,Cingulate Inc. - Common Stock,أمريكا,4.75,4.195,55,41.6,0,0,33.6,,,60.1,1,32.2,0,0.0,-1,0,2,14.2,0,
CJMB,Callan JMB Inc. - Common Stock,أمريكا,2.4,0.662,59,492.1,0,0,55.0,,,57.2,0,48.7,1,0.0,-1,0,2,28.6,1,
CLAR,Clarus Corporation - Common Stock,أمريكا,3.45,3.138,45,25.9,1,1,44.0,,,12.7,1,31.0,0,0.0,-1,0,1,8.6,0,
CLGN,CollPlant Biotechnologies Ltd. - Ordinary Shares,أمريكا,3.41,2.64,25,263.6,0,0,50.2,1:10,2026-09-04,87.3,1,49.5,0,368.0,-1,0,3,44.8,0,
CLIK,Click Holdings Limited - Ordinary Share,أمريكا,1.09,0.96,17,45.8,0,0,24.1,1:30,2025-10-10,90.8,1,12.9,0,437.2,-1,0,4,45.8,0,
CLIR,ClearSign Technologies Corporation - Common Stock,أمريكا,3.3,3.16,52,58.2,1,1,31.1,1:10,2026-03-16,70.5,1,31.1,0,0.0,-1,0,2,18.5,0,
CLLS,Cellectis S.A. - American Depositary Shares,أمريكا,1.41,1.25,13,29.6,0,0,38.2,,,74.3,1,11.8,1,209.2,-1,0,5,38.3,1,
CLNE,Clean Energy Fuels Corp. - Common Stock,أمريكا,1.56,1.54,31,18.2,1,0,27.0,,,49.8,1,23.8,0,0.0,-1,0,2,16.7,0,
CLNN,Clene Inc. - Common Stock,أمريكا,3.91,3.25,14,44.6,0,0,47.0,,,71.0,1,47.0,0,0.0,-1,0,2,44.6,1,
CLOV,Clover Health Investments  Corp.  - Class A Common stock,أمريكا,4.68,4.035,28,28.5,1,1,50.8,,,16.3,0,25.0,0,0.0,-1,0,1,25.8,0,
CLPS,CLPS Incorporation - Common Stock,أمريكا,1.02,0.805,54,36.6,0,0,52.9,,,45.7,0,36.8,0,0.0,-1,0,0,9.3,0,
CLRB,Cellectar Biosciences  Inc. - Common Stock,أمريكا,1.67,1.67,0,7.2,0,0,16.5,,,74.4,1,15.2,0,235.9,-1,0,4,16.1,0,
CLRO,ClearOne  Inc. - Common Stock,أمريكا,3.94,3.34,7,79.6,0,0,46.0,,,76.1,1,45.7,0,108.1,-1,0,3,79.6,1,
CLWT,Euro Tech Holdings Company Limited - Ordinary Shares,أمريكا,1.325,1.325,0,3.4,0,0,18.5,,,50.6,1,16.7,0,0.0,-1,0,3,15.8,0,
CMCT,Creative Media  - Common Stock,أمريكا,4.66,1.78,4,167.4,0,0,78.4,1:10,2026-04-20,99.7,0,17.4,0,4578.1,-1,0,3,167.4,1,
CMMB,Chemomab Therapeutics Ltd.  - American Depositary Shares,أمريكا,1.41,1.051,3,58.4,1,1,25.9,,,60.6,1,16.6,0,0.0,-1,0,3,58.4,0,
CMRC,Commerce.com  Inc. - Series 1 Common Stock,أمريكا,3.21,1.95,41,91.3,0,0,30.3,,,42.1,0,29.7,0,57.5,-1,0,2,55.7,0,
CMTL,Comtech Telecommunications Corp. - Common Stock,أمريكا,1.25,1.235,0,8.5,0,0,20.6,,,79.9,1,20.6,0,0.0,-1,0,3,10.6,0,
CNCK,Coincheck Group N.V. - Ordinary Shares,أمريكا,1.42,1.39,4,14.4,1,0,15.7,,,84.7,1,10.4,0,0.0,-1,0,3,14.4,0,
CNDT,Conduent Incorporated - Common Stock,أمريكا,1.64,1.43,33,40.6,0,0,50.0,,,41.4,0,48.0,0,34.8,-1,0,1,19.3,0,
CNET,ZW Data Action Technologies Inc. - Common Stock,أمريكا,1.58,0.64,50,348.4,0,0,59.7,,,44.9,0,59.7,0,0.0,-1,0,0,137.2,1,
CNSY,Cerenome  Inc. - Common Stock,أمريكا,1.56,1.485,0,7.1,0,0,25.4,1:25,2026-04-02,93.4,1,23.5,0,797.4,-1,0,4,39.0,1,
CNTN,Canton Strategic Holdings  Inc. - Common Stock,أمريكا,2.33,1.75,45,59.4,0,0,58.3,,,66.2,0,52.3,0,1.7,-1,0,1,44.2,0,
CNTY,Century Casinos  Inc. - Common Stock,أمريكا,1.03,1.03,0,2.9,0,0,35.7,,,62.3,1,32.3,0,0.0,-1,0,2,8.6,0,
CNVS,Cineverse Corp. - Class A Common Stock,أمريكا,1.94,1.89,0,4.8,0,0,18.9,,,45.4,1,6.5,0,0.0,-1,0,2,6.5,0,
CNXU,Conexeu Sciences Inc. - Common Stock,أمريكا,3.12,3.05,0,6.2,0,0,28.3,,,83.4,1,23.6,0,0.0,-1,0,3,30.5,1,
COCP,Cocrystal Pharma  Inc. - Common Stock,أمريكا,1.11,0.76,47,69.7,0,0,45.9,,,45.3,1,35.0,0,0.0,-1,0,1,15.3,0,
CODX,Co-Diagnostics  Inc. - Common Stock,أمريكا,1.1,0.906,11,33.0,0,0,46.4,1:30,2026-01-02,97.6,1,45.9,0,1386.4,-1,0,3,33.0,1,
COYA,Coya Therapeutics  Inc. - Common Stock,أمريكا,4.85,3.855,47,38.8,0,0,54.8,,,37.4,0,54.1,0,42.5,-1,0,1,23.6,0,
CPOP,Pop Culture Group Co.  Ltd - Class A Ordinary Shares,أمريكا,3.28,0.235,16,2755.3,0,0,49.3,1:10,2026-07-13,87.1,0,49.3,0,0.0,-1,0,1,2755.3,0,
CPSH,CPS Technologies Corp. - Common Stock,أمريكا,3.63,3.47,47,36.3,1,1,35.8,,,74.8,1,33.3,0,0.0,-1,0,2,11.2,0,
CRBU,Caribou Biosciences  Inc. - Common Stock,أمريكا,1.19,1.17,0,6.0,0,0,38.9,,,66.3,1,28.3,0,0.0,-1,0,3,11.1,1,
CRDF,Cardiff Oncology  Inc. - Common Stock,أمريكا,1.14,0.76,47,98.7,0,0,29.2,,,65.6,1,29.2,0,145.6,-1,0,4,48.0,0,
CRDL,Cardiol Therapeutics Inc. - Class A Common Shares,أمريكا,1.32,1.0,59,134.0,0,0,13.2,,,43.6,1,12.3,0,0.0,-1,0,2,17.1,0,
CRE,Cre8 Enterprise Limited - Class A Ordinary Shares,أمريكا,2.67,2.31,45,272.3,0,0,48.3,1:12,2026-02-13,72.2,1,39.7,0,4.1,-1,0,2,52.3,0,
CREX,Creative Realities  Inc. - Common Stock,أمريكا,2.48,2.4,2,7.9,0,0,33.9,,,43.9,1,24.3,1,0.0,-1,0,3,21.3,1,
CRNT,Ceragon Networks Ltd. - Ordinary Shares,أمريكا,2.14,1.99,14,11.1,1,1,61.7,,,35.0,0,48.1,0,0.0,-1,0,0,11.1,1,
CRON,Cronos Group Inc. - Common Share,أمريكا,3.25,2.685,42,34.4,0,0,53.3,,,9.9,0,49.3,0,0.0,-1,0,0,12.0,0,
CRVO,CervoMed Inc. - Common Stock,أمريكا,3.31,2.4,13,39.6,0,0,83.6,,,66.9,0,67.6,0,0.0,-1,0,1,39.6,1,
CRWS,Crown Crafts  Inc. - Common Stock,أمريكا,2.46,2.44,0,2.0,0,0,38.9,,,19.8,1,31.1,0,0.0,-1,0,1,6.5,1,
CSAI,Cloudastructure  Inc. - Class A Common Stock,أمريكا,2.65,2.36,5,116.9,1,1,37.6,1:30,2026-07-31,96.2,1,21.6,1,352.8,-1,0,5,116.9,1,
CSBR,Champions Oncology  Inc. - Common Stock,أمريكا,4.97,4.59,13,22.9,1,1,56.3,,,40.2,1,43.0,0,0.0,-1,0,1,22.9,0,
CSHR,CoinShares PLC - Ordinary Shares,أمريكا,4.84,3.93,48,60.1,0,0,50.9,,,53.6,1,42.2,0,0.0,-1,0,2,33.3,0,
CSTE,Caesarstone Ltd. - Ordinary Shares,أمريكا,2.91,1.93,45,99.0,0,0,45.5,,,24.2,0,32.2,0,0.0,-1,0,0,13.3,0,
CTMX,CytomX Therapeutics  Inc. - Common Stock,أمريكا,2.58,2.48,0,7.7,0,0,43.8,,,68.6,1,24.2,0,109.3,-1,0,4,20.3,0,
CTNT,Cheetah Net Supply Chain Service Inc. - Class A Common Stock,أمريكا,3.13,2.31,2,53.7,0,0,15.8,1:150,2026-09-28,100.0,1,0.4,0,1226737.0,-1,0,4,603.4,1,
CTRM,Castor Maritime Inc. - Common Shares,أمريكا,1.97,1.83,55,45.4,0,0,28.8,,,25.9,1,23.1,0,0.0,-1,0,2,12.6,0,
CTSO,Cytosorbents Corporation - Common Stock,أمريكا,3.965,3.66,0,10.7,0,0,13.7,1:20,2026-09-08,80.2,1,5.4,0,0.0,-1,0,3,32.0,0,
CTW,CTW - Class A Ordinary Shares,أمريكا,2.03,1.86,2,19.4,1,1,34.1,,,35.4,1,26.6,0,0.0,-1,0,2,19.4,0,
CULP,Culp  Inc. - Common Shares,أمريكا,3.78,3.22,34,27.3,0,0,52.0,,,14.9,0,43.6,0,0.0,-1,0,0,20.6,1,
CUPR,Cuprina Holdings (Cayman) Limited - Class A Ordinary shares,أمريكا,2.25,1.445,13,93.1,0,0,38.1,1:8,2026-05-27,84.8,1,32.6,0,28.9,-1,0,2,93.1,1,
CURI,CuriosityStream Inc.  - Class A Common Stock,أمريكا,2.92,2.276,50,83.8,0,0,57.4,,,40.2,0,57.4,0,17.0,-1,0,0,21.2,0,
CURR,Currenc Group Inc. - Ordinary Shares,أمريكا,2.95,2.85,59,78.2,1,1,32.2,,,41.9,1,24.0,0,0.0,-1,0,2,21.0,0,
CURX,Curanex Pharmaceuticals Inc - Common Stock,أمريكا,4.96,3.58,49,89.9,0,0,64.3,1:20,2026-08-20,70.7,0,55.0,0,0.0,-1,0,1,39.8,1,
CVGI,Commercial Vehicle Group  Inc. - Common Stock,أمريكا,3.0,2.86,3,6.3,0,0,52.8,,,49.0,1,35.8,0,0.0,-1,0,1,7.0,1,
CVRX,CVRx  Inc. - Common Stock,أمريكا,1.56,1.5,2,19.3,1,1,14.7,,,86.2,1,14.3,0,258.3,-1,0,4,60.6,0,
CVV,CVD Equipment Corporation - Common Stock,أمريكا,4.28,4.04,5,9.9,0,0,39.6,,,53.0,1,6.5,1,43.9,-1,0,5,27.0,1,
CXAI,CXApp Inc. - Class A Common Stock,أمريكا,2.09,2.09,0,11.2,0,0,24.5,1:50,2026-08-18,96.0,1,23.4,0,290.0,-1,0,4,16.7,1,
CYCU,Cycurion  Inc. - Common Stock,أمريكا,3.68,2.08,52,607.7,0,0,55.0,1:8,2026-08-28,95.8,0,24.1,1,1501.6,-1,0,4,92.2,1,
CYPH,Cypherpunk Technologies Inc. - Common Stock,أمريكا,3.17,0.583,45,618.7,0,0,61.3,,,24.3,0,55.1,0,0.0,-1,0,0,103.9,0,
DAIC,CID HoldCo  Inc. - Common Stock,أمريكا,2.59,0.37,32,1832.4,0,0,53.0,1:25,2026-06-01,96.8,1,49.3,0,0.0,-1,0,2,290.7,0,
DAIO,Data I/O Corporation - Common Stock,أمريكا,2.89,2.71,17,12.2,1,1,60.7,,,35.6,1,60.7,0,0.0,-1,0,1,12.2,1,
DBGI,Digital Brands Group  Inc. - Common Stock,أمريكا,4.65,3.14,21,138.2,0,0,51.8,1:40,2026-07-24,99.4,1,32.5,0,11512.9,-1,0,3,126.7,1,
DCOY,Decoy Therapeutics Inc. - Common Stock,أمريكا,1.67,1.61,1,16.8,0,0,36.9,1:12,2026-03-09,97.0,1,36.9,0,1329.9,-1,0,3,249.1,0,
DCX,Digital Currency X Technology Inc. - Class A Ordinary Shares,أمريكا,3.38,3.18,0,22.6,0,0,21.3,1:160,2026-09-28,100.0,1,15.2,1,261201.8,-1,0,5,233.9,1,
DETX,Liberty Defense Holdings  Ltd. - Common Shares,أمريكا,2.05,1.91,20,57.1,1,1,37.8,,,70.7,1,34.9,0,0.0,-1,0,2,22.4,1,
DFSC,DEFSEC Technologies Inc. - common stock  no R/S concurrent with offering,أمريكا,1.01,0.989,0,12.2,0,0,28.0,,,83.2,1,12.3,1,0.0,-1,0,4,19.8,1,
DGNX,Diginex Limited - Ordinary Shares,أمريكا,1.28,1.06,34,54.7,0,0,42.5,1:8,2026-04-28,99.6,1,29.1,0,0.0,-1,0,3,19.2,0,
DGXX,Digi Power X Inc. - Common Subordinate Voting Shares,أمريكا,3.73,3.29,47,45.4,0,0,52.9,,,59.5,1,52.5,0,0.0,-1,0,2,34.4,0,
DIBS,1stdibs.com  Inc. - Common Stock,أمريكا,4.03,3.81,11,12.3,0,0,31.9,,,39.2,1,31.9,0,0.0,-1,0,1,12.3,0,
DKI,DarkIris Inc. - Class A Ordinary Shares,أمريكا,1.5,1.1,2,44.5,0,0,32.1,,,83.6,1,24.3,0,70.0,-1,0,4,44.5,0,
DLHC,DLH Holdings Corp. - Common Stock,أمريكا,4.08,3.38,5,27.8,0,0,62.6,,,49.6,0,41.1,1,51.5,-1,0,2,27.8,1,
DLPN,Dolphin Entertainment  Inc. - Common Stock,أمريكا,1.103,1.02,47,20.6,1,1,56.0,,,41.3,0,38.1,0,0.0,-1,0,0,9.7,0,
DLTH,Duluth Holdings Inc. - Class B Common Stock,أمريكا,4.1,3.51,22,35.9,0,0,39.3,,,19.4,0,16.0,0,0.0,-1,0,1,11.2,0,
DLXY,Delixy Holdings Limited - Class A Ordinary Shares,أمريكا,1.965,0.34,40,1208.8,0,0,62.5,1:5,2026-09-28,55.8,0,62.5,0,0.0,-1,0,1,1012.5,1,
DNUT,Krispy Kreme  Inc. - Common Stock,أمريكا,2.89,2.83,0,2.8,0,0,22.0,,,43.4,1,14.9,0,0.0,-1,0,2,5.0,0,
DOMH,Dominari Holdings Inc. - Common Stock,أمريكا,2.1,1.91,18,40.8,0,0,47.1,,,66.8,1,47.1,0,0.0,-1,0,2,40.8,0,
DOYU,DouYu International Holdings Limited - American Depositary Shares,أمريكا,4.37,4.18,25,14.8,1,1,31.2,,,42.4,1,28.0,0,0.0,-1,0,2,12.4,0,
DPRO,Draganfly Inc. - Common Shares,أمريكا,4.9,3.781,47,72.4,0,0,43.5,,,66.0,1,43.5,0,0.0,-1,0,2,22.0,0,
DPU,Top KingWin Ltd - Class A Ordinary Shares,أمريكا,1.41,1.41,0,6.4,0,0,28.6,,,68.0,1,15.7,0,0.0,-1,0,3,25.9,0,
DRK,DarkHorse Technologies Inc. - Common Shares,أمريكا,2.69,1.5,52,118.0,0,0,46.8,1:10,2026-02-10,78.7,0,40.3,0,0.0,-1,0,1,40.9,0,
DRMA,Dermata Therapeutics  Inc. - Common Stock,أمريكا,1.11,0.951,44,80.9,0,0,45.7,,,81.1,1,32.1,1,0.0,-1,0,3,17.9,1,
DSWL,Deswell Industries  Inc. - Common Shares,أمريكا,3.01,2.84,26,17.6,0,0,49.2,,,19.7,1,47.5,0,0.0,-1,0,1,11.3,0,
DSY,Big Tree Cloud Holdings Limited - Class A Ordinary Shares,أمريكا,3.53,2.8,53,122.5,0,0,44.7,1:20,2026-02-23,83.7,1,35.1,1,0.0,-1,0,3,11.1,1,
DTCX,Datacentrex  Inc. - Common Stock,أمريكا,1.84,1.65,4,15.8,0,0,37.3,,,67.5,1,27.5,0,66.3,-1,0,4,17.3,0,
DTI,Drilling Tools International Corporation  - Common Stock,أمريكا,2.36,2.208,40,22.3,1,1,32.1,,,49.7,1,12.8,0,0.0,-1,0,2,6.4,0,
DTST,Data Storage Corporation - Common Stock,أمريكا,3.39,2.75,9,29.1,1,1,69.7,,,34.2,0,56.9,0,28.6,-1,0,0,29.1,1,
DUKRW,DUKE Robotics Corp. - Warrant,أمريكا,1.55,0.1,45,1760.0,0,0,51.5,,,45.6,0,48.0,0,0.0,-1,0,0,132.5,1,
DWSN,Dawson Geophysical Company - Common Stock,أمريكا,2.77,2.54,32,49.6,1,1,35.8,,,64.7,1,20.3,0,0.0,-1,0,3,17.6,0,
DWTX,Dogwood Therapeutics  Inc.  - Common Stock,أمريكا,1.52,1.3,4,32.3,0,0,32.2,,,78.9,1,10.7,0,0.0,-1,0,3,32.3,0,
DXST,Decent Holding Inc. - Class A Ordinary Shares,أمريكا,2.12,1.9,5,200.0,1,1,43.4,1:25,2026-03-16,96.6,1,43.4,0,395.3,-1,0,3,200.0,0,
EBON,Ebang International Holdings Inc. - Class A Ordinary Shares,أمريكا,2.02,1.7,45,38.9,0,0,51.3,,,64.2,1,38.3,0,16.9,-1,0,2,17.0,0,
EDBL,Edible Garden AG Incorporated - Common Stock,أمريكا,1.13,1.11,9,27.0,1,0,18.2,1:45,2026-07-13,99.9,1,17.0,0,80740.7,-1,0,4,27.0,1,
EDIT,Editas Medicine  Inc. - Common Stock,أمريكا,2.79,2.42,5,16.1,0,0,56.2,,,38.5,0,42.2,1,0.0,-1,0,1,21.2,1,
EDSA,Edesa Biotech  Inc. - Common Shares,أمريكا,3.91,3.47,4,23.1,1,1,45.4,,,80.8,1,18.1,0,146.8,-1,0,4,23.1,1,
EDTK,Skillful Craftsman Education Technology Limited - Ordinary Share,أمريكا,1.02,0.85,34,60.0,0,0,66.2,,,25.0,0,62.8,0,0.0,-1,0,0,56.1,0,
EDUC,Educational Development Corporation - Common Stock,أمريكا,1.3,1.23,3,7.3,0,0,40.0,,,24.9,1,40.0,0,0.0,-1,0,1,7.3,1,
EFOI,Energy Focus  Inc. - Common Stock,أمريكا,3.05,2.6,11,29.6,0,0,69.7,,,69.0,0,39.7,0,0.0,-1,0,1,29.6,1,
EGHT,8x8 Inc - Common stock,أمريكا,2.24,1.61,51,50.9,0,0,71.1,,,22.2,0,71.1,0,0.0,-1,0,0,35.4,1,
EH,EHang Holdings Limited - ADS,أمريكا,4.03,4.02,0,3.1,0,0,27.9,,,79.6,1,26.8,0,103.0,-1,0,4,10.7,0,
EJH,E-Home Household Service Holdings Limited - Ordinary shares,أمريكا,1.24,1.01,46,138.6,0,0,50.6,1:25,2026-03-30,95.3,1,50.6,0,0.0,-1,0,2,93.8,1,
ELAB,PMGC Holdings Inc. - Common Stock,أمريكا,3.27,2.585,2,36.9,1,1,24.2,1:10,2026-08-21,99.9,1,24.2,0,49074.3,-1,0,4,46.2,1,
ELDN,Eledon Pharmaceuticals  Inc. - Common Stock,أمريكا,2.5,2.42,1,6.2,0,0,38.8,,,45.7,1,31.4,1,0.0,-1,0,2,20.2,1,
ELPW,Elong Power Holding Limited - Class A Ordinary Shares,أمريكا,2.93,2.42,11,101.7,0,0,57.1,1:45,2026-08-10,100.0,1,57.1,0,78657.7,-1,0,3,101.7,1,
ELTX,Elicio Therapeutics  Inc. - Common Stock,أمريكا,1.92,1.705,13,18.5,1,1,44.1,,,88.0,1,24.2,0,622.9,-1,0,4,18.5,1,
EMAT,Evolution Metals & Technologies Corp. - Common Stock,أمريكا,2.055,2.0,0,9.1,0,0,30.9,,,91.5,1,30.4,0,0.0,-1,0,2,58.0,0,
EMPD,Empery Digital Inc. - Common stock,أمريكا,3.09,2.484,38,51.8,0,0,58.9,,,61.9,0,49.6,1,0.0,-1,0,2,17.9,1,
ENGN,enGene Therapeutics Inc. - Common Stock,أمريكا,1.87,1.66,35,25.3,0,0,48.1,,,84.7,1,48.1,0,325.1,-1,0,3,18.2,0,
ENGS,Energys Group Limited - Ordinary Shares,أمريكا,3.07,2.4,46,28.7,0,0,59.7,,,75.4,0,57.8,0,0.0,-1,0,1,17.5,1,
ENRD,Einride AB - American Depositary Shares,أمريكا,3.19,3.05,0,10.2,0,0,37.7,,,90.6,1,37.7,0,0.0,-1,0,2,28.8,1,
ENTX,Entera Bio Ltd. - Ordinary Shares,أمريكا,2.62,1.57,57,167.5,0,0,38.7,,,37.6,1,38.7,0,0.0,-1,0,1,17.2,0,
ENVB,Enveric Biosciences  Inc.  - Common Stock,أمريكا,1.51,1.17,27,40.9,0,0,55.1,1:12,2025-10-28,88.6,0,49.5,0,230.5,-1,0,2,19.5,0,
ENVX,Enovix Corporation - Common Stock,أمريكا,2.67,2.48,5,20.6,0,0,38.7,,,81.2,1,31.9,0,319.5,-1,0,3,20.6,1,
EOCN,Eocene Ltd. - Ordinary Shares,أمريكا,3.45,3.12,2,16.0,1,1,43.0,1:8,2026-08-19,73.9,1,19.1,0,0.0,-1,0,3,30.5,1,
EOSE,Eos Energy Enterprises  Inc. - Common Stock,أمريكا,3.27,2.96,2,10.8,0,0,25.0,,,83.5,1,23.1,0,238.5,-1,0,4,16.0,0,
EPOW,E-Power Inc. - Class A Ordinary Shares,أمريكا,3.77,3.44,4,53.8,1,1,23.9,1:25,2026-09-18,89.8,1,11.7,0,198.4,-1,0,4,53.8,0,
EPSM,Epsium Enterprise Limited - Class A Ordinary Shares,أمريكا,1.21,1.16,55,67.1,1,1,45.1,,,97.1,1,43.4,0,1314.9,-1,0,3,64.2,0,
EQ,Equillium  Inc. - Common Stock,أمريكا,1.45,1.3,0,11.9,0,0,16.7,,,59.0,1,8.8,0,0.0,-1,0,3,24.0,0,
ERNA,Ernexa Therapeutics Inc. - Common Stock,أمريكا,2.7,2.7,0,13.3,0,0,13.7,1:25,2026-05-04,96.2,1,13.7,0,520.4,-1,0,4,28.8,0,
ESYN,EnerSyn Global Inc. - Common Stock,أمريكا,2.12,1.15,58,142.2,0,0,49.3,,,28.0,0,48.8,0,0.0,-1,0,0,61.9,0,
ETS,Elite Express Holding Inc. - Class A Common Stock,أمريكا,1.66,0.76,28,261.8,0,0,44.8,,,39.6,0,44.8,0,0.0,-1,0,0,257.1,0,
EU,enCore Energy Corp. - Common Stock,أمريكا,1.07,0.77,15,67.5,0,0,58.5,,,74.4,1,46.2,0,0.0,-1,0,2,67.5,0,
EVAX,Evaxion A/S - American Depositary Share,أمريكا,3.15,2.77,44,31.4,1,1,57.0,,,74.1,1,48.9,0,204.1,-1,0,3,11.7,0,
EVGO,EVgo Inc. - Common Stock,أمريكا,1.35,1.23,22,25.2,1,1,45.5,,,73.8,1,42.2,0,0.0,-1,0,2,18.5,0,
EVLV,Evolv Technologies Holdings  Inc. - Class A Common Stock,أمريكا,4.48,4.46,0,2.7,0,0,15.4,,,49.1,1,15.4,0,0.0,-1,0,2,6.4,0,
EVO,Evotec SE - American Depositary Shares each representing 1/2 of one ordinary share,أمريكا,1.66,1.5,10,15.3,0,0,52.5,,,61.1,1,34.5,0,134.3,-1,0,3,15.3,1,
EXFY,Expensify  Inc. - Class A Common Stock,أمريكا,2.35,1.682,52,67.1,0,0,52.2,,,16.4,0,47.0,0,0.0,-1,0,0,18.6,0,
EXYN,Exyn Technologies  Inc. - Common Stock,أمريكا,2.65,1.5,31,188.0,0,0,53.8,,,63.2,0,22.4,1,0.0,-1,0,3,37.6,1,
EYPT,EyePoint  Inc. - Common Stock,أمريكا,3.15,3.05,0,7.5,0,0,38.9,,,83.5,1,32.0,0,325.4,-1,0,3,23.4,1,
EZRA,Reliance Global Group  Inc. - Common Stock,أمريكا,2.39,1.75,47,162.9,0,0,35.7,1:40,2026-05-18,95.4,1,18.2,0,146.0,-1,0,4,25.4,0,
FABC,Fabric.AI  Inc. - Common Stock,أمريكا,2.31,2.1,11,18.1,0,0,54.4,,,70.6,1,41.0,0,36.4,-1,0,3,18.1,1,
FATE,Fate Therapeutics  Inc. - Common Stock,أمريكا,2.43,2.23,29,20.6,1,1,55.4,,,24.8,1,45.7,0,0.0,-1,0,1,18.5,0,
FBGL,FBS Global Limited - Ordinary Shares,أمريكا,3.55,3.23,3,21.7,1,1,49.6,1:10,2026-09-28,74.6,1,43.9,0,0.0,-1,0,2,81.2,0,
FBIO,Fortress Biotech  Inc. - Common Stock,أمريكا,2.09,2.0,0,6.7,0,0,23.7,,,53.9,1,16.2,0,47.4,-1,0,4,6.7,0,
FBLG,FibroBiologics  Inc. - Common Stock,أمريكا,1.18,0.62,49,254.8,0,0,26.8,1:20,2026-03-30,89.6,1,16.9,0,306.8,-1,0,4,14.7,0,
FCUV,Focus Universal Inc. - Common Stock,أمريكا,4.32,1.79,47,1184.9,0,0,33.3,1:4,2026-06-23,97.9,1,28.3,0,293.5,-1,0,4,47.8,0,
FEAM,5E Advanced Materials  Inc. - Common Stock,أمريكا,3.92,0.9,54,352.2,0,0,86.9,,,47.7,0,78.5,0,0.0,-1,0,0,230.9,1,
FEMY,Femasys Inc. - Common Stock,أمريكا,2.02,1.96,1,11.7,0,0,22.4,1:20,2026-06-08,90.9,1,17.0,0,692.1,-1,0,4,18.7,0,
FFAI,Faraday Future Intelligent Electric Inc. - Class A Common Stock,أمريكا,1.17,1.15,0,12.2,0,0,29.4,1:150,2026-07-24,99.5,1,29.4,0,15605.1,-1,0,4,55.2,1,
FGL,Founder Group Limited - Class A Ordinary Shares,أمريكا,4.14,3.81,9,73.2,1,1,44.6,1:100,2026-09-01,99.9,1,25.9,0,5962.8,-1,0,4,97.4,1,
FHTX,Foghorn Therapeutics Inc. - Common Stock,أمريكا,2.0,1.79,2,79.3,1,1,9.5,,,73.7,1,8.8,0,75.0,-1,0,4,79.3,0,
FIEE,FiEE  Inc - Common Stock,أمريكا,3.69,2.4,48,159.6,0,0,40.0,,,65.2,1,19.3,0,44.2,-1,0,4,12.3,0,
FIP,FTAI Infrastructure Inc. - Common Stock,أمريكا,2.71,2.59,2,6.9,0,0,43.3,,,58.7,1,29.4,0,0.0,-1,0,3,18.3,0,
FKWL,Franklin Wireless Corp. - common stock,أمريكا,2.31,2.21,42,15.4,1,1,40.0,,,57.5,1,40.0,0,0.0,-1,0,2,5.5,0,
FLL,Full House Resorts  Inc. - Common Stock,أمريكا,1.37,1.35,0,5.2,0,0,24.7,,,59.3,1,21.1,0,0.0,-1,0,3,15.2,0,
FLNT,Fluent  Inc. - Common Stock,أمريكا,2.84,2.76,1,14.5,0,0,30.0,,,36.7,1,30.0,0,0.0,-1,0,2,24.7,0,
FLWS,1-800-FLOWERS.COM  Inc. - Class A Common Stock,أمريكا,2.54,2.37,2,11.4,0,0,30.7,,,64.2,1,24.0,1,35.8,-1,0,5,25.3,1,
FLX,BingEx Limited - American Depositary Shares,أمريكا,1.52,0.589,10,181.8,0,0,59.2,,,65.8,0,48.0,0,0.0,-1,0,1,181.8,1,
FLYE,Fly-E Group  Inc. - Common Stock,أمريكا,1.32,1.28,9,56.3,1,1,28.3,1:20,2025-11-04,94.0,1,22.0,0,0.0,-1,0,3,56.3,0,
FNUC,Frontier Nuclear and Minerals Inc. - Common Shares,أمريكا,1.25,1.23,0,4.1,0,0,39.8,,,83.2,1,39.8,0,0.0,-1,0,2,33.3,0,
FOCL,EDAP TMS S.A. - American Depositary Shares  each representing One Ordinary Share,أمريكا,4.23,4.0,13,19.2,1,1,54.2,,,33.9,1,52.5,0,42.1,-1,0,2,19.2,1,
FOFO,Hang Feng Technology Innovation Co.  Ltd. - Ordinary Shares,أمريكا,2.11,1.7,12,70.6,0,0,58.7,,,90.3,1,47.2,0,182.0,-1,0,3,70.6,1,
FOXX,Foxx Development Holdings Inc. - Common Stock,أمريكا,2.51,2.16,41,45.8,1,1,52.8,,,68.2,1,41.7,0,0.0,-1,0,2,31.3,1,
FRMI,Fermi Inc. - Common Stock,أمريكا,4.06,3.92,2,8.7,0,0,28.5,,,87.5,1,18.3,0,242.6,-1,0,4,13.0,0,
FRMM,Forum Markets  Incorporated - Common Stock,أمريكا,4.75,4.31,14,21.1,0,0,56.0,1:10,2025-10-20,82.4,1,53.4,0,312.4,-1,0,3,21.1,1,
FRSX,Foresight Autonomous Holdings Ltd. - American Depositary Shares,أمريكا,1.08,1.03,14,27.2,1,1,52.9,1:3,2026-02-26,86.4,1,48.0,0,500.0,-1,0,3,27.2,1,
FTCI,FTC Solar  Inc. - Common Stock,أمريكا,1.94,1.93,0,14.5,0,0,44.3,,,84.8,1,43.6,0,255.7,-1,0,3,39.1,0,
FTEK,Fuel Tech  Inc. - Common Stock,أمريكا,1.65,1.34,42,46.3,0,0,34.5,,,52.2,0,34.5,0,49.1,-1,0,2,27.3,0,
FTFT,Future FinTech Group Inc. - Common Stock,أمريكا,3.47,1.22,19,698.4,0,0,30.6,1:4,2026-08-31,97.8,1,21.4,0,0.0,-1,0,3,698.4,0,
FUFU,BitFuFu Inc. - Class A Ordinary Shares,أمريكا,1.495,1.18,22,36.4,0,0,67.4,,,63.2,0,53.1,0,0.0,-1,0,1,32.0,1,
FULC,Fulcrum Therapeutics  Inc. - Common Stock,أمريكا,3.71,3.41,59,15.5,0,0,38.7,,,76.4,1,28.1,0,185.0,-1,0,4,3.0,0,
GAIA,Gaia  Inc. - Class A Common Stock,أمريكا,1.4,1.16,36,54.3,1,1,58.3,,,78.1,1,42.4,0,120.7,-1,0,3,22.7,1,
GALT,Galectin Therapeutics Inc. - Common Stock,أمريكا,3.73,2.72,43,73.5,0,0,50.0,,,47.7,1,43.4,0,64.3,-1,0,2,18.4,0,
GAME,GameSquare Holdings  Inc. - Common stock,أمريكا,3.06,2.56,59,50.4,0,0,29.2,1:8,2026-08-24,55.5,1,21.0,0,0.0,-1,0,3,32.3,0,
GANX,Gain Therapeutics  Inc. - Common Stock,أمريكا,1.69,1.59,57,49.1,1,1,48.4,,,61.1,1,46.9,0,123.4,-1,0,3,16.7,0,
GAUZ,Gauzy Ltd. - Ordinary Shares,أمريكا,4.66,4.52,0,14.8,0,0,24.5,1:20,2026-09-11,96.7,1,24.5,0,1582.4,-1,0,4,33.9,0,
GCTK,GlucoTrack  Inc. - Common Stock,أمريكا,1.11,1.1,0,9.2,0,0,28.6,1:15,2026-08-31,99.2,1,24.7,0,2873.0,-1,0,4,62.7,0,
GDC,GD Culture Group Limited - Common Stock,أمريكا,1.32,1.24,5,16.9,0,0,50.4,1:250,2026-06-29,99.9,1,46.3,0,222.0,-1,0,3,68.5,1,
GDHG,Golden Heaven Group Holdings Ltd.  - Class A Ordinary Shares,أمريكا,1.165,1.1,14,9.1,0,0,57.1,,,85.0,1,26.5,0,152.4,-1,0,4,21.7,1,
GDRX,GoodRx Holdings  Inc. - Class A Common Stock,أمريكا,3.36,2.83,51,37.5,0,0,40.0,,,42.2,0,28.1,0,0.0,-1,0,1,9.1,0,
GDTC,CytoMed Therapeutics Limited - Ordinary Shares,أمريكا,1.01,0.71,48,62.0,1,1,68.0,,,72.6,0,53.0,0,0.0,-1,0,1,38.4,1,
GECC,Great Elm Capital Corp. - Closed End Fund,أمريكا,4.98,4.807,49,24.8,1,1,24.6,,,31.6,1,19.6,0,0.0,-1,0,2,7.6,0,
GEG,Great Elm Group  Inc.  - Common Stock,أمريكا,2.15,2.08,49,20.7,1,1,35.7,,,24.0,1,29.4,0,0.0,-1,0,2,4.2,0,
GEMI,Gemini Space Station  Inc. - Class A Common Stock,أمريكا,4.77,3.385,34,83.2,0,0,55.7,,,82.2,0,48.2,0,237.7,-1,0,2,52.0,0,
GENK,GEN Restaurant Group  Inc. - Class A Common Stock,أمريكا,1.61,1.51,13,24.2,1,1,45.5,,,50.0,1,30.0,0,0.0,-1,0,3,24.2,0,
GEOS,Geospace Technologies Corporation - Common Stock,أمريكا,4.75,4.7,0,3.0,0,0,34.8,,,84.1,1,34.6,0,228.2,-1,0,3,9.1,1,
GERN,Geron Corporation - Common Stock,أمريكا,1.21,1.18,0,4.2,0,0,29.2,,,39.8,1,20.7,0,0.0,-1,0,2,9.0,0,
GEVO,Gevo  Inc. - Common Stock,أمريكا,1.29,1.27,0,3.9,0,0,19.6,,,56.6,1,19.6,0,51.9,-1,0,4,7.6,0,
GGR,Gogoro Inc. - Ordinary Shares,أمريكا,3.17,2.02,29,67.5,1,1,70.6,1:20,2025-10-06,49.4,0,70.6,0,0.0,-1,0,0,31.2,1,
GIGM,GigaMedia Limited - Ordinary Shares,أمريكا,1.396,1.11,20,32.4,1,1,59.1,,,18.8,1,53.3,0,19.6,-1,0,1,27.0,1,
GITS,Global Interactive Technologies  Inc. Common Stock - Common Stock,أمريكا,1.71,1.4,28,80.0,0,0,30.9,,,75.9,1,30.9,0,0.0,-1,0,2,46.3,0,
GLBS,Globus Maritime Limited - Common Stock,أمريكا,3.38,2.66,59,52.6,0,0,42.1,,,16.7,1,37.7,0,0.0,-1,0,1,24.5,0,
GLND,Greenland Energy Company - Common Stock,أمريكا,3.71,1.09,18,513.8,0,0,65.3,,,83.9,0,65.3,0,0.0,-1,0,1,513.8,1,
GLOO,Gloo Holdings  Inc. - Common Stock,أمريكا,4.16,2.9,17,92.4,0,0,67.6,,,58.3,0,63.5,0,0.0,-1,0,1,92.4,0,
GMEX,GMEX ROBOTICS CORPORATION - Class A Ordinary Shares,أمريكا,2.31,0.349,6,930.1,0,0,73.7,1:9,2026-09-28,99.4,0,73.7,0,14300.0,-1,0,2,930.1,1,
GMM,Global Mofy AI Limited  - Class A Ordinary Shares,أمريكا,1.74,1.66,3,15.7,1,1,36.6,1:50,2026-06-11,98.3,1,29.4,0,3951.7,-1,0,4,20.6,1,
GNLN,Greenlane Holdings  Inc. - Class A Common Stock,أمريكا,3.5,1.51,46,158.3,0,0,63.4,1:8,2026-04-06,90.8,0,47.0,1,0.0,-1,0,2,82.4,1,
GNLX,Genelux Corporation - Common Stock,أمريكا,2.6,2.31,13,15.2,0,0,57.8,,,69.5,0,45.8,0,195.4,-1,0,2,15.2,1,
GNPX,Genprex  Inc. - Common Stock,أمريكا,2.72,2.53,2,17.8,1,1,35.5,1:22,2026-07-16,99.8,1,30.3,0,16925.7,-1,0,3,28.8,1,
GNSS,Genasys Inc. - Common Stock,أمريكا,1.43,1.36,1,9.2,0,0,40.6,,,42.1,1,29.4,0,0.0,-1,0,2,13.5,0,
GOAI,Eva Live Inc. - Common Stock,أمريكا,1.82,1.42,38,116.9,0,0,29.4,,,89.9,1,25.1,0,0.0,-1,0,3,39.1,0,
GOGO,Gogo Inc. - Common Stock,أمريكا,2.14,2.05,0,4.9,0,0,21.3,,,78.4,1,15.9,0,305.4,-1,0,4,7.8,0,
GOW,GOWell Energy Technology - Ordinary shares,أمريكا,4.33,1.6,5,205.0,0,0,27.2,,,66.7,1,23.2,0,0.0,-1,0,3,205.0,0,
GPRO,GoPro  Inc. - Class A Common Stock,أمريكا,1.36,0.57,37,259.6,0,0,54.3,,,50.2,0,38.3,0,0.0,-1,0,1,22.4,0,
GRAB,Grab Holdings Limited - Class A Ordinary Shares,أمريكا,3.17,2.74,11,19.0,0,0,65.5,,,52.0,1,53.5,0,0.0,-1,0,2,19.0,1,
GRAN,Grande Group Limited - Class A Ordinary Shares,أمريكا,1.06,0.776,3,40.6,1,1,52.1,,,82.1,1,41.0,0,26.4,-1,0,2,43.5,1,
GRCE,Grace Therapeutics  Inc. - Common Stock,أمريكا,2.06,1.85,47,33.0,0,0,31.9,,,60.2,1,28.8,0,0.0,-1,0,3,20.0,0,
GRDX,GridAI Technologies Corp.  - Common Stock,أمريكا,3.83,2.56,46,66.0,0,0,64.5,,,44.7,0,55.8,0,0.0,-1,0,0,50.1,1,
GRI,GRI Bio  Inc. - Common Stock,أمريكا,1.91,1.36,45,147.1,0,0,56.0,1:28,2026-01-26,97.0,1,49.4,0,2817.3,-1,0,3,40.5,0,
GROW,U.S. Global Investors  Inc. - Class A Common Stock,أمريكا,2.9,2.802,17,9.9,0,0,41.3,,,18.8,1,38.6,0,0.0,-1,0,1,9.9,0,
GRSD,Grandstand Limited - Ordinary Shares,أمريكا,1.55,1.45,2,9.0,0,0,29.3,,,81.7,1,10.3,0,336.1,-1,0,4,9.0,0,
GRWG,GrowGeneration Corp. - Common Stock,أمريكا,1.56,1.34,49,47.8,0,0,56.1,,,35.0,1,39.7,0,0.0,-1,0,1,9.7,0,
GSM,Ferroglobe PLC - Ordinary Shares,أمريكا,4.38,3.069,47,54.2,0,0,52.6,,,22.6,0,30.1,0,0.0,-1,0,0,14.1,0,
GSRFR,GSR IV Acquisition Corp. - Rights,أمريكا,2.26,1.2,31,93.3,0,0,67.6,,,43.2,0,51.5,0,0.0,-1,0,0,78.5,1,
GT,The Goodyear Tire & Rubber Company - Common Stock,أمريكا,4.68,4.61,0,5.4,0,0,33.7,,,55.9,1,29.3,0,122.0,-1,0,4,13.0,0,
GTIM,Good Times Restaurants Inc. - Common Stock,أمريكا,1.48,1.36,50,22.1,0,0,43.8,,,29.2,1,37.5,0,0.0,-1,0,1,9.7,0,
GTM,ZoomInfo Technologies Inc. - Common Stock,أمريكا,3.75,2.74,51,59.3,0,0,32.6,,,69.5,1,31.0,0,86.9,-1,0,3,19.1,0,
GURE,Gulf Resources  Inc. - Common Stock,أمريكا,3.09,2.8,0,13.2,0,0,38.3,1:10,2025-10-27,73.9,1,28.5,0,0.0,-1,0,3,26.4,0,
GUTS,Fractyl Health  Inc. - Common Stock,أمريكا,4.56,0.4,1,1103.6,0,0,93.8,,,5.3,0,27.6,1,0.0,-1,0,2,1103.6,1,
GVH,Globavend Holdings Limited - Ord Shares,أمريكا,1.11,0.876,47,75.8,0,0,38.5,,,82.8,1,38.5,0,288.8,-1,0,3,55.6,1,
GWAV,Greenwave Technology Solutions  Inc. - Common Stock,أمريكا,2.37,2.19,11,26.9,1,1,43.7,,,90.1,1,23.1,0,175.1,-1,0,4,57.0,0,
GYRO,Gyrodyne   LLC - Common Stock,أمريكا,4.5,4.09,1,13.7,0,0,19.1,,,56.3,1,19.1,0,122.4,-1,0,4,13.7,0,
HAO,Haoxi Health Technology Limited - Class A Ord Share,أمريكا,2.635,2.54,0,6.3,0,0,42.4,1:20,2026-08-14,99.9,1,42.4,0,117456.0,-1,0,3,39.1,1,
HBNB,Hotel101 Global Holdings Corp. - Class A Ordinary Shares,أمريكا,4.55,4.45,1,7.4,0,0,36.1,,,56.4,1,36.1,0,48.1,-1,0,3,17.0,0,
HCAT,Health Catalyst  Inc - Common stock,أمريكا,1.76,1.53,30,23.5,0,0,53.7,,,51.3,0,44.4,0,26.1,-1,0,1,19.6,1,
HCHL,Happy City Holdings Limited - Class A Ordinary shares,أمريكا,3.96,3.96,59,0.0,0,0,100.0,,,20.8,0,100.0,0,0.0,-1,0,0,0.0,0,
HCWB,HCW Biologics Inc. - Common Stock,أمريكا,1.64,1.55,0,9.0,0,0,32.2,1:6,2026-06-30,94.4,1,25.3,0,298.8,-1,0,4,93.8,1,
HDRN,Hadron Energy  Inc. - Common Stock,أمريكا,1.2,1.19,46,124.4,1,0,22.7,,,90.4,1,14.8,0,0.0,-1,0,3,25.2,0,
HEPS,D-Market Electronic Services & Trading - American Depositary Shares,أمريكا,2.42,2.36,7,7.6,0,0,36.5,,,27.3,1,36.5,0,0.0,-1,0,1,9.3,0,
HERE,Here Group Limited - American Depositary Shares,أمريكا,1.73,1.62,3,8.0,0,0,33.3,,,79.5,1,22.5,0,4.0,-1,0,3,9.7,0,
HFFG,HF Foods Group Inc. - Common Stock,أمريكا,1.6,1.45,42,34.5,1,1,42.1,,,42.5,1,29.0,1,0.0,-1,0,3,15.0,1,
HGBL,Heritage Global Inc. - Common Stock,أمريكا,1.3,1.01,43,41.6,0,0,28.6,,,21.2,0,14.3,0,0.0,-1,0,1,19.1,0,
HHS,Harte Hanks  Inc. - Common Stock,أمريكا,4.54,2.0,44,133.5,0,0,58.0,,,2.8,0,58.0,0,0.0,-1,0,0,12.8,0,
HIND,Vyome Holdings  Inc. - Common Stock,أمريكا,1.93,1.82,1,9.9,0,0,44.1,,,70.6,1,38.4,0,139.4,-1,0,3,12.8,0,
HITI,High Tide Inc. - Common Shares,أمريكا,2.73,2.02,47,41.1,0,0,60.6,,,28.2,0,50.0,0,0.0,-1,0,0,14.9,0,
HIVE,HIVE Digital Technologies Ltd - Common Shares,أمريكا,2.9,2.53,47,42.3,0,0,50.4,,,63.0,1,46.1,0,0.0,-1,0,2,25.9,0,
HKIT,Hitek Global Inc. - Class A Ordinary Share,أمريكا,2.5,2.33,13,27.9,1,1,53.2,1:25,2026-07-06,100.0,1,46.4,0,2910.0,-1,0,3,27.9,1,
HLP,Hongli Group Inc. - Class A Ordinary Shares,أمريكا,2.47,1.06,58,147.2,0,0,83.5,,,5.7,0,83.5,0,0.0,-1,0,0,118.3,1,
HMR,Heidmar Maritime Holdings Corp. - Common Stock,أمريكا,1.72,1.0,54,101.5,0,0,52.2,,,14.6,0,42.9,0,0.0,-1,0,0,63.6,0,
HOLO,MicroCloud Hologram Inc. - Ordinary Shares,أمريكا,1.54,1.43,59,44.0,0,0,50.0,,,72.7,1,46.2,0,0.0,-1,0,2,17.8,0,
HOUR,Hour Loop  Inc. - common stock,أمريكا,1.82,1.7,13,19.4,0,0,53.5,,,42.8,1,53.5,0,0.0,-1,0,1,19.4,1,
HOVR,New Horizon Aircraft Ltd. - Class A Ordinary Shares,أمريكا,1.63,1.46,56,48.6,0,0,52.2,,,61.0,1,51.1,0,0.0,-1,0,2,16.2,1,
HRZN,Horizon Technology Finance Corporation - Common Stock,أمريكا,4.58,3.997,42,25.4,0,0,48.6,,,22.4,1,39.5,0,15.5,-1,0,1,5.1,0,
HSCS,HeartSciences Inc. - Common Stock,أمريكا,4.36,1.85,47,183.8,0,0,60.9,,,17.0,0,49.2,0,0.0,-1,0,0,61.5,0,
HSDT,Solana Company - Class A Common Stock,أمريكا,2.65,1.61,48,112.5,0,0,61.5,,,87.1,0,58.0,0,179.2,-1,0,2,62.6,0,
HTCO,High-Trend International Group - Class A Ordinary Shares,أمريكا,2.185,1.95,2,23.1,1,1,56.0,,,96.1,1,29.2,0,13.0,-1,0,3,23.1,1,
HTCR,Heartcore Enterprises  Inc. - Common Stock,أمريكا,1.905,1.726,18,25.1,1,1,41.5,1:20,2026-04-06,88.2,1,41.5,0,666.4,-1,0,3,25.1,1,
HTLM,HomesToLife Ltd - Ordinary Shares,أمريكا,1.94,1.63,23,38.0,1,1,59.8,,,52.1,0,52.1,0,0.0,-1,0,1,37.2,1,
HTOO,Fusion Fuel Green PLC - Ordinary Shares,أمريكا,2.095,1.8,25,44.4,1,1,48.3,,,61.3,1,37.7,0,0.0,-1,0,2,22.6,1,
HTZ,Hertz Global Holdings  Inc - Common Stock,أمريكا,1.79,1.45,42,103.1,0,0,35.1,,,78.1,1,9.4,1,225.1,-1,0,5,12.9,1,
HUCK,Huckleberry.ai  Inc. - Class B Common Stock,أمريكا,3.19,3.005,55,47.8,1,1,4.9,,,79.5,1,4.9,0,254.7,-1,0,4,12.4,0,
HUHU,HUHUTECH International Group Inc. - Ordinary Shares,أمريكا,4.4,3.71,13,75.2,0,0,55.9,,,63.9,1,55.9,0,0.0,-1,0,2,75.2,0,
HUIZ,Huize Holding Limited - American Depositary Shares,أمريكا,1.31,1.12,59,184.8,0,0,21.7,,,68.5,1,20.0,0,0.0,-1,0,3,16.6,0,
HURA,TuHURA Biosciences  Inc. - Common Stock,أمريكا,1.87,1.85,0,4.9,0,0,37.1,,,45.5,1,37.1,0,0.0,-1,0,1,12.1,0,
HYFT,MindWalk Holdings Corp. - Common Stock,أمريكا,1.49,1.06,13,44.5,0,0,70.6,,,50.2,0,50.3,0,0.0,-1,0,1,44.5,1,
HYPD,Hyperion DeFi  Inc. - Common Stock,أمريكا,3.89,2.34,48,78.2,0,0,64.4,,,65.9,0,52.0,0,11.2,-1,0,1,31.5,0,
IBIO,iBio  Inc. - Common Stock,أمريكا,1.12,1.07,1,10.3,0,0,42.6,,,70.7,1,39.1,0,0.0,-1,0,2,17.1,0,
ICCM,IceCure Medical Ltd. - Ordinary Shares,أمريكا,1.54,1.48,0,8.5,0,0,15.1,1:30,2026-06-04,95.3,1,14.3,1,1006.5,-1,0,5,21.4,1,
ICU,SeaStar Medical Holding Corporation - Common Stock,أمريكا,3.55,2.84,20,69.0,0,0,57.5,1:10,2026-01-05,51.7,0,57.5,0,0.0,-1,0,1,66.1,1,
IDAI,T Stamp Inc. - Class A Common Stock,أمريكا,3.25,1.87,49,94.0,0,0,60.0,,,38.4,0,42.3,1,0.0,-1,0,1,21.9,1,
IDN,Intellicheck  Inc. - Common Stock,أمريكا,2.26,2.24,0,4.5,0,0,31.1,,,75.1,1,23.3,0,215.0,-1,0,4,6.0,1,
IFRX,InflaRx N.V. - Common Stock,أمريكا,1.68,1.625,48,53.8,1,1,22.6,,,43.0,1,20.6,0,0.0,-1,0,2,11.1,0,
IHRT,iHeartMedia  Inc. - Class A Common Stock,أمريكا,2.05,1.86,0,10.8,0,0,19.7,,,68.8,1,8.4,0,162.9,-1,0,4,11.9,0,
IKT,Inhibikase Therapeutics  Inc. - Common Stock,أمريكا,2.0,1.93,58,35.2,1,1,29.1,,,23.4,1,23.3,0,0.0,-1,0,2,8.5,0,
ILAG,Intelligent Living Application Group Inc. - Ordinary Shares,أمريكا,2.9,2.69,18,23.6,1,1,47.6,1:10,2025-12-30,59.7,1,31.6,1,17.9,-1,0,3,23.6,1,
IMA,ImageneBio  Inc. - Common Stock,أمريكا,4.7,4.557,1,3.8,0,0,37.2,,,48.4,1,22.2,1,0.0,-1,0,3,12.9,1,
IMCC,IM Cannabis Corp. - Common Shares,أمريكا,1.94,1.55,14,458.1,0,0,52.1,1:30,2026-08-27,97.5,1,52.1,0,83.5,-1,0,3,458.1,0,
IMDX,Insight Molecular Diagnostics Inc. - Common Stock,أمريكا,3.67,3.07,4,21.8,0,0,43.8,,,56.9,1,36.7,0,92.9,-1,0,3,26.7,0,
IMMP,Immutep Limited - American Depositary Shares,أمريكا,4.27,0.26,7,1773.1,0,0,89.7,,,12.3,0,89.7,0,0.0,-1,0,0,1773.1,1,
IMNN,Imunon  Inc. - Common Stock,أمريكا,1.24,1.23,0,7.3,0,0,37.9,,,77.0,1,36.2,0,0.0,-1,0,2,25.9,0,
IMRN,Immuron Limited - American Depositary Shares,أمريكا,1.07,1.02,40,95.1,1,1,29.8,,,55.2,1,15.2,0,111.2,-1,0,4,19.3,0,
IMRX,Immuneering Corporation - Class A Common Stock,أمريكا,4.04,4.01,2,4.0,0,0,27.8,,,52.4,1,27.8,0,0.0,-1,0,3,10.0,0,
IMSR,Terrestrial Energy Inc. - Common Stock,أمريكا,3.75,3.66,0,5.1,0,0,34.8,,,88.1,1,23.4,0,0.0,-1,0,3,19.6,0,
INAB,IN8bio  Inc. - Common Stock,أمريكا,1.42,0.88,37,65.9,0,0,82.5,,,48.0,0,68.1,0,0.0,-1,0,0,44.6,1,
INBS,Intelligent Bio Solutions Inc.  - Common Stock,أمريكا,1.67,1.52,48,129.6,0,0,14.8,1:10,2025-12-16,93.3,1,4.5,0,0.0,-1,0,3,20.0,0,
INDI,indie Semiconductor  Inc. - Class A Common Stock,أمريكا,2.91,2.83,2,8.8,0,0,41.2,,,51.9,1,28.4,1,58.8,-1,0,5,10.7,1,
INDP,Indaptus Therapeutics  Inc. - Common Stock,أمريكا,2.51,0.92,33,358.7,0,0,39.9,,,57.9,0,39.9,0,0.0,-1,0,1,232.3,0,
INHD,Inno Holdings Inc. - Common Stock,أمريكا,3.19,2.88,10,37.2,1,1,43.2,1:20,2026-05-04,99.8,1,32.0,0,2111.9,-1,0,3,37.2,1,
INLF,INLIF LIMITED - Class A Ordinary shares,أمريكا,3.38,2.12,53,347.2,0,0,55.0,1:200,2026-07-06,99.9,1,55.0,0,2160.4,-1,0,3,161.2,1,
INM,InMed Pharmaceuticals Inc. - Common Shares,أمريكا,1.33,1.25,14,20.4,0,0,58.3,,,46.8,1,54.7,0,0.0,-1,0,1,20.4,1,
INMB,INmune Bio Inc. - Common stock,أمريكا,1.94,1.61,50,61.5,0,0,33.3,,,25.4,1,30.4,0,0.0,-1,0,1,23.2,0,
INO,Inovio Pharmaceuticals  Inc. - Common Stock,أمريكا,1.15,0.56,46,158.9,0,0,49.0,,,57.7,1,28.6,0,92.2,-1,0,4,24.1,0,
INSE,Inspired Entertainment  Inc. - Common Stock,أمريكا,3.98,3.2,4,25.6,0,0,32.9,,,60.0,1,7.7,0,0.0,-1,0,3,25.6,0,
INSG,Inseego Corp. - Common Stock,أمريكا,4.62,3.58,4,33.0,0,0,60.6,,,78.9,0,33.0,0,289.6,-1,0,2,33.0,1,
INTJ,Intelligent Group Limited - Class A Ordinary Shares,أمريكا,2.86,2.41,19,44.0,0,0,49.8,1:20,2026-02-17,77.2,1,47.2,0,4.9,-1,0,2,44.0,1,
INTS,Intensity Therapeutics  Inc. - Common Stock,أمريكا,3.45,3.21,2,16.8,0,0,38.9,1:25,2026-02-19,92.1,1,24.5,0,168.1,-1,0,4,16.8,0,
INVE,INVE Technologies  Inc. - Common Stock,أمريكا,2.35,2.31,0,3.5,0,0,23.4,,,55.7,1,20.0,0,102.1,-1,0,4,7.1,0,
IONR,ioneer Ltd - American Depositary Shares,أمريكا,2.98,2.79,16,26.9,1,1,52.3,,,63.7,1,51.4,0,91.6,-1,0,3,26.9,0,
IOTR,iOThree Limited - Ordinary Shares,أمريكا,1.88,1.49,14,41.6,0,0,64.4,1:10,2025-11-10,74.8,1,36.8,0,18.6,-1,0,2,41.6,1,
IPDN,Professional Diversity Network  Inc. - Common Stock,أمريكا,3.1,0.075,15,10166.7,0,0,48.0,,,59.7,0,48.0,0,0.0,-1,0,1,10166.7,0,
IPHA,Innate Pharma S.A. - American Depositary Shares,أمريكا,1.58,1.53,1,10.5,0,0,29.4,,,41.7,1,23.9,0,57.0,-1,0,3,21.3,0,
IPM,Intelligent Protection Management Corp.  - Common Stock,أمريكا,1.76,1.7,37,17.6,1,1,34.8,,,22.1,1,32.0,0,0.0,-1,0,1,7.2,0,
IPSC,Century Therapeutics  Inc. - Common Stock,أمريكا,1.48,1.454,0,9.3,0,0,16.2,,,51.3,1,16.2,0,0.0,-1,0,3,14.0,0,
IPST,IP Strategy Holdings  Inc. - Common Stock,أمريكا,3.14,1.54,43,1545.5,0,0,51.5,1:20,2026-04-23,99.1,1,36.6,0,0.0,-1,0,2,91.2,1,
IPW,iPower Inc. - Common Stock,أمريكا,1.22,1.04,1,20.2,0,0,10.2,1:9,2026-08-07,99.9,1,10.2,0,134693.4,-1,0,4,173.2,1,
IPWR,Ideal Power Inc. - Common Stock,أمريكا,3.95,3.28,47,63.4,0,0,41.9,,,57.5,1,27.0,0,0.0,-1,0,3,23.3,0,
IQ,iQIYI  Inc. - American Depositary Shares,أمريكا,1.03,0.86,22,36.0,0,0,53.7,,,59.0,0,49.6,0,0.0,-1,0,1,32.5,1,
IQST,iQSTEL Inc. - Common Stock,أمريكا,1.01,0.87,57,58.6,1,1,43.6,,,84.6,0,43.6,0,0.0,-1,0,1,22.8,1,
IRD,Opus Genetics  Inc. - Common Stock,أمريكا,4.38,2.82,50,150.7,0,0,19.0,,,38.0,1,16.3,0,0.0,-1,0,2,64.0,0,
IRWD,Ironwood Pharmaceuticals  Inc. - Class A Common Stock,أمريكا,3.65,3.55,47,29.6,1,0,35.9,,,36.9,1,32.9,0,0.0,-1,0,1,16.8,0,
ISPC,iSpecimen Inc. - Common Stock,أمريكا,1.05,1.02,0,6.9,0,0,22.0,1:40,2026-04-28,97.7,1,18.0,0,2681.0,-1,0,4,25.2,1,
ISPR,Ispire Technology Inc. - Common Stock,أمريكا,1.3,1.21,13,24.8,1,1,39.1,,,66.4,1,35.6,1,0.0,-1,0,3,24.8,1,
IVA,Inventiva S.A. - American Depository Shares,أمريكا,3.48,3.105,7,26.4,0,0,40.4,,,56.4,1,17.0,1,0.0,-1,0,4,26.4,1,
IXHL,Incannex Healthcare Inc. - Common Stock,أمريكا,3.21,2.82,46,39.7,0,0,41.9,1:30,2026-02-27,78.5,1,41.9,0,151.4,-1,0,3,21.1,0,
IZEA,IZEA Worldwide  Inc. - Common Stock,أمريكا,2.43,2.38,5,11.8,1,0,25.5,,,58.5,1,17.9,0,44.0,-1,0,4,11.8,0,
IZM,ICZOOM Group Inc. - Class A Ordinary Shares,أمريكا,1.05,0.207,15,769.6,0,0,26.8,1:5,2026-09-15,61.5,0,26.8,0,0.0,-1,0,2,769.6,0,
JAGX,Jaguar Health  Inc. - Common Stock,أمريكا,4.73,2.35,12,1667.2,0,0,51.0,1:15,2026-09-17,99.6,1,49.2,0,2002.5,-1,0,3,1667.2,0,
JBDI,JBDI Holdings Limited - Ordinary Shares,أمريكا,1.0,0.928,0,10.0,0,0,38.5,1:2,2026-06-30,78.1,1,32.3,0,10.0,-1,0,2,21.4,0,
JBLU,JetBlue Airways Corporation - Common Stock,أمريكا,4.06,4.02,0,4.0,0,0,41.2,,,38.7,1,39.8,0,0.0,-1,0,1,13.1,1,
JCSE,JE Cleantech Holdings Limited - Ordinary Shares,أمريكا,1.42,1.24,25,26.6,0,0,39.1,,,39.8,1,39.1,0,0.0,-1,0,1,13.9,0,
JCTC,Jewett-Cameron Trading Company - Common Shares,أمريكا,2.965,2.41,53,37.8,0,0,63.9,,,22.4,0,35.9,0,0.0,-1,0,0,17.2,0,
JEM,707 Cayman Holdings Limited - Ordinary Shares,أمريكا,3.64,3.375,7,18.5,1,1,42.1,1:12,2026-07-14,97.3,1,31.7,0,236.3,-1,0,3,18.5,1,
JFIN,Jiayin Group Inc. - American Depositary Shares,أمريكا,1.41,1.26,1,14.1,0,0,46.5,,,87.9,1,33.5,0,178.7,-1,0,3,14.5,1,
JFU,9F Inc. - American Depositary Shares,أمريكا,2.6,1.98,34,57.6,0,0,47.5,,,72.6,1,47.5,0,84.6,-1,0,3,30.3,0,
JL,J-Long Group Limited - Class A Ordinary Shares,أمريكا,4.54,4.1,19,21.7,1,1,40.9,,,44.8,1,40.0,0,0.0,-1,0,1,21.7,1,
JLHL,Julong Holding Limited - Class A Ordinary Shares,أمريكا,3.94,3.54,3,35.6,0,0,24.9,,,93.2,1,16.9,0,44.5,-1,0,4,35.6,0,
JRVR,James River Group Holdings  Inc. - Common Stock,أمريكا,3.43,3.36,2,5.4,0,0,16.9,,,52.0,1,14.5,0,76.7,-1,0,4,8.9,0,
JTAI,Jet.AI Inc. - Common Stock,أمريكا,1.5,0.333,58,1405.6,0,0,59.9,1:200,2026-04-08,97.6,0,59.9,0,2352.3,-1,0,2,101.7,1,
JUNS,Jupiter Neurosciences  Inc. - Common Stock,أمريكا,2.42,2.33,0,8.6,0,0,28.1,1:75,2026-08-07,98.2,1,23.5,0,2385.5,-1,0,4,28.7,1,
JVA,Coffee Holding Co.  Inc. - Common Stock,أمريكا,4.0,3.22,47,32.3,0,0,45.5,,,20.5,0,40.0,0,0.0,-1,0,0,25.7,0,
JWEL,Jowell Global Ltd. - Ordinary Shares,أمريكا,2.495,1.47,40,251.7,0,0,72.3,,,51.7,0,61.9,0,0.0,-1,0,1,36.8,1,
JZXN,Jiuzi Holdings  Inc. - Ordinary Shares,أمريكا,1.14,1.03,0,19.4,0,0,55.0,1:40,2025-12-11,93.8,1,45.1,0,998.2,-1,0,3,86.5,1,
KAZR,Skyline Builders Group Holding Limited - Class A Ordinary Shares,أمريكا,2.4,1.6,47,94.4,0,0,61.0,,,51.0,0,55.0,0,0.0,-1,0,1,87.3,1,
KBSX,FST Corp. - Ordinary Shares,أمريكا,1.705,0.81,58,121.0,0,0,67.0,,,4.7,0,65.4,0,0.0,-1,0,0,88.4,1,
KDK,Kodiak AI  Inc. - Common Stock,أمريكا,1.73,1.51,0,15.9,0,0,11.8,,,84.8,1,11.1,0,401.7,-1,0,4,25.8,0,
KEEL,Keel Infrastructure Corp. - Common Stock,أمريكا,3.45,2.96,32,42.9,0,0,54.4,,,53.2,1,46.5,0,0.0,-1,0,2,30.6,0,
KG,Kestrel Group  Ltd. - Common Stock,أمريكا,4.91,4.68,1,12.0,0,0,33.4,,,81.5,1,26.3,1,21.6,-1,0,4,19.3,1,
KIDZ,KIDZ AI Inc. - Class B Common Stock,أمريكا,2.38,2.23,2,11.7,0,0,26.4,1:15,2026-08-13,100.0,1,20.2,0,54101.7,-1,0,4,20.6,1,
KITT,Nauticus Robotics  Inc. - Common stock,أمريكا,1.48,1.38,0,10.1,0,0,12.6,1:6,2026-09-25,99.2,1,12.0,0,1473.0,-1,0,4,48.6,0,
KLRS,Kalaris Therapeutics  Inc.  - Common Stock,أمريكا,2.83,2.51,1,15.5,0,0,29.7,,,76.2,1,15.9,0,0.0,-1,0,3,15.5,0,
KLTR,Kaltura  Inc. - Common Stock,أمريكا,1.32,1.252,2,7.0,0,0,33.3,,,35.6,1,22.2,0,0.0,-1,0,2,7.0,0,
KLXE,KLX Energy Services Holdings  Inc.  - Common Stock,أمريكا,1.37,1.32,3,11.4,1,1,36.7,,,69.6,1,36.7,0,53.3,-1,0,3,20.7,1,
KMRK,K-Tech Solutions Company Limited - Class A Ordinary Shares,أمريكا,1.17,0.88,49,63.6,0,0,64.7,,,82.2,0,59.5,0,0.0,-1,0,1,59.1,1,
KOPN,Kopin Corporation - Common Stock,أمريكا,4.87,3.15,47,75.6,0,0,67.3,,,26.3,0,51.8,1,0.0,-1,0,1,25.0,1,
KOSS,Koss Corporation - Common Stock,أمريكا,3.9,3.3,17,34.5,0,0,64.4,,,31.6,0,62.4,0,0.0,-1,0,0,34.5,1,
KPLT,Katapult Holdings  Inc. - Common Stock,أمريكا,4.5,4.21,3,11.9,0,0,9.0,,,72.0,1,8.4,0,0.0,-1,0,3,31.4,0,
KPRX,Kiora Pharmaceuticals  Inc.  - Common Stock,أمريكا,2.53,2.28,50,25.0,0,0,44.8,,,14.2,1,43.5,0,0.0,-1,0,1,15.4,0,
KRKR,36Kr Holdings Inc. - American Depositary Shares,أمريكا,3.0,2.5,54,36.0,0,0,38.3,,,58.8,1,37.0,0,0.0,-1,0,2,12.2,0,
KRMD,KORU Medical Systems  Inc. - Common Stock,أمريكا,3.01,2.86,2,13.8,0,0,39.7,,,54.4,1,31.0,0,35.2,-1,0,3,13.8,0,
KTCC,Key Tronic Corporation - Common Stock,أمريكا,2.18,2.05,3,16.1,0,0,34.4,,,50.7,1,17.0,0,67.4,-1,0,4,16.1,1,
KUST,Kustom Entertainment  Inc. - Common Stock,أمريكا,4.51,4.09,2,21.3,1,1,33.5,1:10,2026-10-01,98.6,1,18.9,0,2749.2,-1,0,4,36.6,0,
KXIN,Kaixin Holdings - Ordinary Shares,أمريكا,1.43,0.54,25,420.4,0,0,60.3,1:15,2026-03-13,99.8,1,57.6,0,10525.9,-1,0,3,196.1,1,
LAES,SEALSQ Corp - Ordinary Shares,أمريكا,2.41,2.15,13,15.3,1,1,57.7,,,72.3,0,44.4,0,17.8,-1,0,1,15.3,1,
LAWR,Robot Consulting Co.  Ltd. - ADS,أمريكا,3.75,3.75,59,0.0,0,0,100.0,,,1.3,0,100.0,0,0.0,-1,0,0,0.0,0,
LBGJ,Li Bang International Corporation Inc. - Class A Ordinary Shares,أمريكا,1.95,1.86,12,40.3,1,1,40.8,1:200,2026-08-03,100.0,1,31.2,0,938361.5,-1,0,3,40.3,1,
LCFY,Locafy Limited - Ordinary Share,أمريكا,2.34,2.103,44,33.1,1,1,55.4,,,67.8,1,44.8,0,100.0,-1,0,3,29.2,0,
LCID,Lucid Group  Inc. - Common Stock,أمريكا,4.17,2.37,58,258.6,0,0,51.6,,,83.5,1,43.6,0,263.8,-1,0,3,15.4,1,
LEDS,SemiLEDS Corporation - Common Stock,أمريكا,2.36,1.51,59,139.7,0,0,66.2,,,34.8,0,61.8,0,0.0,-1,0,0,26.3,1,
LENZ,LENZ Therapeutics  Inc. - Common Stock,أمريكا,3.59,3.455,0,4.2,0,0,24.6,,,92.7,1,18.2,0,174.7,-1,0,4,11.8,0,
LEXX,Lexaria Bioscience Corp. - Common Stock,أمريكا,2.77,2.77,0,11.9,0,0,35.7,1:15,2026-08-03,87.2,1,11.7,1,587.7,-1,0,5,85.6,1,
LFMD,LifeMD  Inc. - Common Stock,أمريكا,2.72,2.67,0,4.9,0,0,17.3,,,61.8,1,17.0,0,0.0,-1,0,3,20.6,0,
LFS,LEIFRAS Co.  Ltd. - American Depositary Shares,أمريكا,2.18,2.02,4,7.9,0,0,53.0,,,82.5,0,33.9,1,0.0,-1,0,2,15.5,1,
LGCL,Lucas GC Limited - Class A Ordinary Shares,أمريكا,2.43,2.38,0,5.5,0,0,29.4,1:125,2026-09-01,99.7,1,29.4,0,29529.6,-1,0,4,35.3,1,
LGHL,Lion Group Holding Ltd. - American Depositary Share,أمريكا,3.84,3.25,3,104.0,1,1,35.7,1:20,2026-09-10,99.9,1,32.9,0,4175.0,-1,0,3,104.0,1,
LGVN,Longeveron Inc. - Class A Common stock,أمريكا,2.51,2.3,11,29.1,0,0,11.8,1:10,2026-08-27,79.6,1,11.0,0,220.7,-1,0,4,29.1,0,
LHAI,Linkhome Holdings Inc. - Common stock,أمريكا,1.03,0.7,33,107.1,0,0,46.4,,,93.4,0,37.1,0,0.0,-1,0,1,35.0,0,
LICN,Lichen International Limited - Class A Ordinary Shares,أمريكا,1.025,0.705,52,145.4,1,1,44.6,,,89.2,1,34.5,0,0.0,-1,0,2,35.3,1,
LIDR,AEye  Inc. - Class A Common Stock,أمريكا,1.1,1.01,47,62.4,0,0,32.8,,,72.5,1,30.0,0,101.3,-1,0,4,6.0,0,
LIMN,Liminatus Pharma  Inc. - Class A Common Stock,أمريكا,3.99,3.29,15,36.1,0,0,62.0,1:50,2026-08-21,97.2,1,52.6,0,1416.3,-1,0,3,36.1,1,
LITS,Lite Strategy  Inc. - Common Stock,أمريكا,1.4,0.85,39,81.2,0,0,66.0,,,52.9,0,61.4,0,75.0,-1,0,2,55.6,1,
LNAI,Lunai Bioworks Inc. - Common Stock,أمريكا,1.14,1.14,0,14.0,0,0,11.7,1:8,2026-05-22,91.4,1,11.7,0,0.0,-1,0,3,36.5,0,
LOAN,Manhattan Bridge Capital  Inc - Common Stock,أمريكا,3.87,3.54,3,10.6,0,0,42.6,,,26.8,1,12.0,0,0.0,-1,0,2,10.6,0,
LPCN,Lipocine Inc. - Common Stock,أمريكا,2.07,2.02,37,23.8,1,0,40.0,,,83.3,1,33.9,0,267.1,-1,0,3,9.2,0,
LRE,Lead Real Estate Co.  Ltd - American Depositary Shares,أمريكا,1.1,1.0,11,17.0,1,1,31.8,,,41.8,1,17.5,1,0.0,-1,0,3,17.0,1,
LRHC,La Rosa Holdings Corp. - Common Stock,أمريكا,1.58,0.406,21,658.6,0,0,27.3,1:10,2026-04-20,99.8,1,27.3,0,35469.6,-1,0,4,598.4,0,
LRMR,Larimar Therapeutics  Inc. - Common Stock,أمريكا,2.86,2.775,0,9.5,0,0,16.3,,,55.5,1,16.3,0,0.0,-1,0,3,16.8,0,
LSAK,Lesaka Technologies  Inc. - Common Stock,أمريكا,4.58,4.05,7,14.6,0,0,67.8,,,17.3,0,22.0,0,0.0,-1,0,1,14.6,1,
LSE,Leishen Energy Holding Co.  Ltd. - Class A Ordinary Shares,أمريكا,4.49,4.1,46,42.7,1,1,34.2,,,35.7,1,34.0,0,18.2,-1,0,1,37.8,0,
LSTA,Lisata Therapeutics  Inc. - Common Stock,أمريكا,1.26,0.99,45,158.6,0,0,38.3,,,75.1,1,32.8,0,173.8,-1,0,3,79.0,0,
LUNG,Pulmonx Corporation - Common Stock,أمريكا,1.88,1.17,51,121.4,0,0,48.0,,,34.9,1,40.8,0,0.0,-1,0,1,15.1,0,
LVO,LiveOne  Inc. - Common Stock,أمريكا,2.65,2.24,4,27.2,0,0,26.4,,,63.1,1,10.8,1,0.0,-1,0,4,27.2,1,
LXEH,Lixiang Education Holding Co.  Ltd. - American Depositary Shares,أمريكا,1.55,1.28,59,95.3,0,0,45.7,1:10,2026-04-20,94.4,1,43.2,0,0.0,-1,0,2,83.8,0,
LXEO,Lexeo Therapeutics  Inc. - Common Stock,أمريكا,3.41,2.98,4,23.8,0,0,31.1,,,69.0,1,19.9,0,0.0,-1,0,3,23.8,0,
LXRX,Lexicon Pharmaceuticals  Inc. - Common Stock,أمريكا,1.74,1.72,0,6.4,0,0,33.7,,,35.1,1,33.7,0,0.0,-1,0,1,16.4,0,
LZMH,LZ Technology Holdings Limited - Class B Ordinary Shares,أمريكا,1.09,0.751,7,139.7,1,1,36.0,1:20,2026-05-22,98.5,1,28.4,0,4193.6,-1,0,4,139.7,0,
MARPS,Marine Petroleum Trust - Units of Beneficial Interest,أمريكا,4.15,4.04,1,4.7,0,0,38.3,,,33.4,1,33.1,0,22.6,-1,0,1,10.5,0,
MATH,Metalpha Technology Holding Limited - Ordinary Shares,أمريكا,1.09,0.73,23,76.7,0,0,58.7,,,73.4,0,58.7,0,0.0,-1,0,1,55.8,1,
MB,MasterBeef Group - Ordinary Shares,أمريكا,3.94,3.6,53,448.6,1,1,38.7,,,80.1,1,17.9,0,83.0,-1,0,4,10.3,1,
MBAI,MBody AI Ltd. - Ordinary Share,أمريكا,3.06,3.03,1,13.5,0,0,10.2,1:7,2026-08-13,88.8,1,10.2,0,158.5,-1,0,4,22.2,0,
MBOT,Microbot Medical Inc.  - Common Stock,أمريكا,1.07,1.05,0,10.5,0,0,7.0,,,69.1,1,7.0,0,0.0,-1,0,3,10.5,0,
MCHX,Marchex  Inc. - Class B Common Stock,أمريكا,1.28,1.15,14,30.4,0,0,54.5,,,37.3,1,33.3,0,0.0,-1,0,1,30.4,1,
MCRB,Seres Therapeutics  Inc. - Common Stock,أمريكا,2.85,2.81,0,3.6,0,0,4.2,,,90.5,1,3.2,0,376.7,-1,0,4,20.5,0,
MDAI,Spectral AI  Inc. - Class A Common Stock,أمريكا,1.69,1.5,47,18.7,1,1,63.2,,,43.1,0,50.0,0,0.0,-1,0,0,11.0,1,
MDBH,MDB Capital Holdings  LLC - Class A common ,أمريكا,2.22,2.02,0,19.8,0,0,28.2,,,53.8,1,28.2,0,54.1,-1,0,4,19.8,0,
MDIA,Mediaco Holding Inc. - Class A Common Stock,أمريكا,1.03,0.872,34,44.5,0,0,48.5,,,37.2,1,37.2,0,0.0,-1,0,1,21.1,0,
MDXG,MiMedx Group  Inc - Common Stock,أمريكا,4.55,3.76,46,32.7,0,0,37.7,,,42.9,0,37.7,0,0.0,-1,0,0,12.6,0,
MEDS,DataMeds AI  Inc. - Common Stock,أمريكا,3.35,0.823,24,1395.7,0,0,57.6,1:50,2026-05-26,95.4,0,57.6,0,594.0,-1,0,2,1348.2,0,
MENS,Jyong Biotech Ltd. - Ordinary shares,أمريكا,2.05,1.91,33,27.7,1,1,47.2,,,96.7,1,44.6,0,0.0,-1,0,2,22.1,0,
METCB,Ramaco Resources  Inc. - Class B Common Stock,أمريكا,4.42,4.19,4,11.5,1,1,26.6,,,79.5,1,8.3,0,0.0,-1,0,3,12.9,0,
MGIH,Millennium Group International Holdings Limited - Ordinary Shares,أمريكا,1.49,1.41,4,7.8,0,0,45.1,,,39.9,1,38.3,0,0.0,-1,0,1,8.8,0,
MGN,Megan Holdings Limited - Class A Ordinary Shares,أمريكا,3.68,3.0,19,738.0,0,0,44.9,1:30,2026-09-17,99.9,1,16.0,0,137508.7,-1,0,4,738.0,1,
MGNX,MacroGenics  Inc. - Common Stock,أمريكا,3.77,3.36,50,33.6,1,1,41.9,,,25.8,1,31.1,0,0.0,-1,0,1,13.5,0,
MGX,Metagenomi Therapeutics  Inc. - Common Stock,أمريكا,1.04,1.01,0,5.0,0,0,33.8,,,73.7,1,27.6,0,97.1,-1,0,4,8.9,0,
MIND,MIND Technology  Inc. - Common Stock,أمريكا,4.53,3.63,18,30.0,0,0,66.2,,,68.8,0,60.1,0,88.3,-1,0,2,30.0,1,
MKDW,MKDWELL Tech Inc. - Ordinary Shares,أمريكا,1.38,1.35,0,14.8,0,0,16.2,1:30,2026-01-26,89.3,1,14.3,0,0.0,-1,0,3,226.6,0,
MKZR,MacKenzie Realty Capital  Inc. - Common Stock,أمريكا,1.35,0.83,45,98.8,0,0,42.4,,,77.5,1,32.4,1,0.0,-1,0,3,10.9,1,
MLCI,Mount Logan Capital Inc. - Common Stock,أمريكا,3.33,2.536,37,41.5,0,0,55.4,,,60.6,0,55.4,0,58.7,-1,0,2,15.1,1,
MLCO,Melco Resorts & Entertainment Limited - American Depositary Shares ,أمريكا,4.23,4.06,1,6.8,0,0,33.3,,,55.6,1,20.6,0,0.0,-1,0,3,9.6,0,
MLEC,Moolec Science SA - Ordinary Shares,أمريكا,4.86,4.35,0,13.6,0,0,28.1,1:15,2026-01-05,79.1,1,23.2,0,170.4,-1,0,4,29.3,0,
MLGO,MicroAlgo  Inc. - Ordinary Shares,أمريكا,3.18,3.062,1,6.5,0,0,36.7,,,72.3,1,25.8,0,0.0,-1,0,3,10.6,0,
MMLP,Martin Midstream Partners L.P. - Common Units Representing Limited Partnership Interests,أمريكا,2.1,2.1,0,6.2,0,0,32.1,,,35.3,1,32.1,0,13.8,-1,0,1,9.9,0,
MNDR,Mobile-health Network Solutions - Class A Ordinary Shares,أمريكا,1.281,1.2,4,12.5,1,1,40.3,1:6,2026-06-29,96.1,1,33.3,0,0.0,-1,0,2,20.5,1,
MNKD,MannKind Corporation - Common Stock,أمريكا,3.82,3.17,6,33.4,0,0,61.0,,,41.3,0,11.5,0,0.0,-1,0,1,33.4,1,
MNOV,MediciNova  Inc. - Common Stock,أمريكا,1.755,1.28,47,204.7,0,0,46.1,,,55.0,1,46.1,0,56.7,-1,0,3,136.4,0,
MNTK,Montauk Renewables  Inc. - Common Stock,أمريكا,2.91,1.565,53,109.6,0,0,64.6,,,11.3,0,53.0,0,0.0,-1,0,0,51.9,1,
MNTS,Momentus Inc. - Class A Common Stock,أمريكا,3.58,3.5,0,6.6,0,0,39.7,1:18,2025-12-18,89.6,1,39.7,0,29.3,-1,0,2,15.0,0,
MOB,Mobilicom Limited - Ordinary Shares,أمريكا,4.02,3.995,0,5.1,0,0,40.0,,,63.5,1,40.0,0,0.0,-1,0,2,26.8,0,
MODD,Modular Medical  Inc. - common stock,أمريكا,2.3,1.72,34,134.9,0,0,45.1,1:30,2026-03-31,89.1,1,12.9,1,0.0,-1,0,4,35.2,1,
MOLN,Molecular Partners AG - American Depositary Shares,أمريكا,3.92,3.72,57,26.9,1,1,41.3,,,26.9,1,39.2,0,9.7,-1,0,1,22.9,0,
MOMO,Hello Group Inc.  - American Depositary Shares,أمريكا,4.64,4.62,0,4.3,0,0,29.1,,,35.1,1,29.1,0,0.0,-1,0,2,4.3,0,
MRKR,Marker Therapeutics  Inc. - Common Stock,أمريكا,1.06,0.98,2,11.2,1,1,33.3,,,56.9,1,31.3,0,0.0,-1,0,2,19.1,0,
MRLN,Merlin  Inc. - Common Stock,أمريكا,1.57,1.57,0,12.1,0,0,17.8,,,90.8,1,17.8,1,0.0,-1,0,4,38.2,1,
MSAI,MultiSensor AI Holdings  Inc. - Common Stock,أمريكا,4.6,4.45,47,37.1,1,1,44.7,1:40,2026-04-13,95.2,1,42.0,0,778.3,-1,0,3,16.7,1,
MSGY,Masonglory Limited - Class A Ordinary Shares,أمريكا,4.89,1.73,18,560.1,0,0,59.0,1:8,2026-08-11,90.7,0,57.7,0,0.0,-1,0,1,560.1,1,
MSS,Maison Solutions Inc. - Class A Common Stock,أمريكا,1.63,1.24,40,151.6,0,0,53.4,1:5,2026-07-22,96.9,1,44.6,0,2814.1,-1,0,3,107.7,1,
MTC,MMTec  Inc. - Common Shares,أمريكا,4.99,2.34,55,231.2,0,0,51.8,,,45.1,0,51.8,0,0.0,-1,0,0,78.6,0,
MTVA,MetaVia Inc.  - Common Stock,أمريكا,1.54,1.38,45,39.9,0,0,46.2,1:11,2025-12-05,89.6,1,36.4,0,239.6,-1,0,3,23.0,0,
MVIS,MicroVision  Inc. - Common Stock,أمريكا,1.47,1.4,4,12.1,1,1,43.2,1:15,2026-08-03,93.6,1,35.8,0,512.2,-1,0,3,31.9,1,
MWC,Micware Co.  Ltd. - American Depositary Shares,أمريكا,1.565,0.78,53,169.2,0,0,32.6,,,88.8,1,32.6,0,82.7,-1,0,3,55.6,0,
MWYN,Marwynn Holdings  Inc. - Common stock,أمريكا,1.26,0.488,48,195.1,0,0,62.4,,,12.5,0,53.0,1,0.0,-1,0,1,67.3,1,
MXCT,MaxCyte  Inc. - Common Stock,أمريكا,1.08,0.98,48,57.1,0,0,31.7,,,42.1,1,31.7,0,0.0,-1,0,1,10.6,0,
MYGN,Myriad Genetics  Inc. - Common Stock,أمريكا,4.58,2.74,44,68.4,0,0,69.7,,,46.7,0,68.6,0,9.8,-1,0,0,50.8,1,
MYPS,PLAYSTUDIOS  Inc.  - Class A Common Stock,أمريكا,4.75,4.3,7,21.6,0,0,45.5,1:10,2026-10-01,52.1,1,41.0,0,87.4,-1,0,3,21.6,1,
MYSE,Myseum.AI  Inc. - Common Stock,أمريكا,1.71,1.69,0,3.0,0,0,2.5,,,70.4,1,2.5,0,73.1,-1,0,4,29.1,0,
MYSZ,My Size  Inc. - Common Stock,أمريكا,1.58,1.55,0,8.4,0,0,23.2,1:8,2026-08-13,84.6,1,23.2,0,431.6,-1,0,4,56.6,1,
NAAS,NaaS Technology Inc. - American Depositary Shares,أمريكا,3.048,2.92,19,21.2,1,1,47.1,,,28.4,1,47.1,0,0.0,-1,0,1,21.2,0,
NAGE,Niagen Bioscience  Inc. - Common Stock,أمريكا,2.68,2.61,1,7.3,0,0,31.0,,,66.3,1,22.7,0,79.9,-1,0,4,9.4,0,
NAII,Natural Alternatives International  Inc. - Common Stock,أمريكا,1.43,1.28,4,27.3,1,1,10.3,,,71.2,1,10.3,0,140.6,-1,0,4,27.3,0,
NAMI,Jinxin Technology Holding Company - American Depositary Shares,أمريكا,2.15,1.55,7,100.6,0,0,48.3,1:25,2026-06-25,92.0,1,48.3,0,82.3,-1,0,3,117.6,1,
NAMM,Namib Minerals - Ordinary Shares,أمريكا,1.245,0.95,3,67.4,0,0,49.1,,,83.2,1,26.6,1,201.2,-1,0,5,67.4,1,
NAUT,Nautilus Biotechnology  Inc. - Common Stock,أمريكا,1.87,0.841,40,194.3,0,0,86.6,,,56.6,0,63.0,0,0.0,-1,0,1,181.2,1,
NB,NioCorp Developments Ltd. - Common Stock,أمريكا,3.46,3.4,0,3.2,0,0,45.5,,,72.5,1,28.0,0,0.0,-1,0,3,11.9,1,
NBP,NovaBridge Biosciences - American Depositary Shares,أمريكا,1.36,1.31,2,6.1,0,0,23.3,,,80.0,1,18.9,0,0.0,-1,0,3,9.5,0,
NCEL,NewcelX Ltd. - Ordinary Shares,أمريكا,2.86,2.758,8,17.8,1,1,31.4,1:10,2025-10-31,85.6,1,31.4,0,444.1,-1,0,3,17.8,0,
NCMI,National CineMedia  Inc. - Common Stock,أمريكا,2.14,1.985,0,10.3,0,0,32.1,,,51.8,1,28.9,0,72.0,-1,0,4,12.0,1,
NCNA,NuCana plc - American Depositary Shares,أمريكا,1.06,0.948,1,28.7,0,0,31.8,,,85.3,1,23.3,0,0.0,-1,0,3,30.0,0,
NCPL,Netcapital Inc. - Common Stock,أمريكا,1.32,0.207,33,798.6,0,0,72.1,,,52.0,0,72.1,0,0.0,-1,0,1,385.6,1,
NCRA,Nocera  Inc. - common stock,أمريكا,1.64,1.3,54,206.2,0,0,37.1,1:30,2026-07-07,97.7,1,24.6,0,3320.7,-1,0,4,40.4,0,
NCT,Intercont (Cayman) Limited - Class A Ordinary shares,أمريكا,1.73,1.29,3,54.3,0,0,20.3,1:25,2026-09-17,99.8,1,13.0,0,0.0,-1,0,3,114.4,1,
NCTY,The9 Limited - American Depository Shares,أمريكا,3.27,3.12,3,13.8,1,1,22.0,,,71.8,1,22.0,0,0.0,-1,0,3,27.5,0,
NEOV,NeoVolta Inc. - Common Stock,أمريكا,2.96,1.94,47,124.2,0,0,43.5,,,58.5,1,22.3,0,6.4,-1,0,3,46.6,0,
NEPH,Nephros  Inc. - Common Stock,أمريكا,3.55,3.2,48,52.2,0,0,25.0,,,44.7,1,23.9,0,0.0,-1,0,2,17.0,0,
NERV,Minerva Neurosciences  Inc - Common Stock,أمريكا,3.32,3.17,2,12.3,0,0,31.7,,,73.4,1,21.6,0,0.0,-1,0,3,13.4,0,
NEUP,Neuphoria Therapeutics Inc. - Common Stock,أمريكا,3.45,3.28,52,32.3,1,1,8.7,,,83.9,1,8.7,0,340.9,-1,0,4,4.1,0,
NEXM,NexMetals Mining Corp. - Common Stock,أمريكا,1.885,1.8,1,16.7,0,0,25.5,,,71.7,1,16.4,0,0.0,-1,0,3,16.7,0,
NEXR,Nexera Technologies Ltd - Ordinary Shares,أمريكا,1.01,0.91,1,15.4,0,0,33.5,1:11,2026-07-31,99.9,1,33.5,0,136.6,-1,0,3,38.2,1,
NGEN,NervGen Pharma Corp. - Common stock,أمريكا,1.81,1.58,47,51.9,0,0,34.4,,,71.3,1,30.2,0,100.0,-1,0,3,12.6,0,
NIKI,Niki BioSolutions  Inc. - Common Stock,أمريكا,4.728,4.52,7,14.4,1,1,44.4,1:10,2026-07-20,81.7,1,33.2,0,0.0,-1,0,2,15.2,1,
NIU,Niu Technologies - American Depositary Shares,أمريكا,1.94,1.79,18,26.8,1,1,41.8,,,65.8,1,31.6,0,24.2,-1,0,2,26.8,0,
NKLR,Terra Innovatum Global N.V. - Ordinary shares,أمريكا,3.44,3.28,4,10.4,0,0,19.1,,,84.3,1,7.1,0,0.0,-1,0,3,20.3,0,
NKTX,Nkarta  Inc. - Common Stock,أمريكا,2.53,2.045,45,61.4,0,0,29.2,,,32.0,1,28.9,0,0.0,-1,0,2,17.9,0,
NMAD,Nomad Power Solutions  Inc. - Common Stock,أمريكا,4.015,3.12,43,45.8,1,1,69.4,,,52.1,0,51.2,0,0.0,-1,0,1,32.6,1,
NMTC,NeuroOne Medical Technologies Corporation - Common Stock,أمريكا,1.115,0.962,2,40.3,0,0,29.3,1:6,2026-04-16,84.0,1,13.8,0,0.0,-1,0,3,40.3,0,
NNBR,NN  Inc. - Common Stock,أمريكا,4.24,2.93,55,63.5,0,0,67.7,,,11.5,0,51.4,0,0.0,-1,0,0,50.2,1,
NNDM,Nano Dimension Ltd. - American Depositary Shares,أمريكا,1.61,1.44,51,17.4,1,1,66.7,,,30.6,0,63.2,0,0.0,-1,0,0,10.1,1,
NNNN,Anbio Biotechnology - Class A Ordinary Shares,أمريكا,4.83,4.66,0,20.2,0,0,40.5,,,89.2,1,40.5,0,0.0,-1,0,2,35.5,1,
NOMA,NOMADAR Corp. - Class A Common Stock,أمريكا,1.79,1.305,14,60.2,0,0,72.9,,,87.6,1,36.8,0,48.0,-1,0,3,60.2,1,
NPT,Texxon Holding Limited - Ordinary shares,أمريكا,2.26,2.25,1,11.3,0,0,29.2,,,89.9,1,29.2,0,0.0,-1,0,3,34.6,0,
NRSN,NeuroSense Therapeutics Ltd. - Ordinary Shares,أمريكا,4.03,0.25,31,2900.0,0,0,23.9,,,46.3,0,23.9,0,0.0,-1,0,1,2172.7,0,
NRXP,NRX Pharmaceuticals  Inc. - Common Stock,أمريكا,2.87,2.785,0,5.2,0,0,19.9,,,43.2,1,18.7,0,0.0,-1,0,2,11.4,0,
NTCL,NETCLASS TECHNOLOGY INC - Class A Ordinary Shares,أمريكا,1.901,1.735,21,26.8,0,0,40.9,1:50,2026-07-06,98.8,1,40.9,0,17.9,-1,0,2,12.0,1,
NTHI,NeOnc Technologies Holdings  Inc. - Common Stock,أمريكا,2.92,2.884,0,8.5,0,0,41.4,,,77.5,1,35.3,0,0.0,-1,0,2,28.1,0,
NTRP,NextTrip  Inc. - Common Stock,أمريكا,1.92,0.9,27,133.3,0,0,57.3,,,63.1,0,57.3,0,0.0,-1,0,1,50.0,1,
NVX,NOVONIX Limited - American Depository Shares,أمريكا,2.57,2.37,2,13.9,0,0,26.0,1:10,2026-08-27,93.3,1,23.2,0,425.3,-1,0,4,26.8,1,
NWGL,CL Workshop Group Limited - American Depositary Shares,أمريكا,1.25,0.22,47,800.0,0,0,30.9,,,36.9,0,30.9,0,0.0,-1,0,0,96.0,0,
NWTG,Newton Golf Company  Inc. - Common Stock,أمريكا,1.13,0.8,59,86.2,1,1,51.2,,,41.8,1,36.2,1,0.0,-1,0,2,50.0,1,
NXH,Neighborhood Intelligence  Inc.  - Common Stock,أمريكا,2.06,2.02,0,28.2,0,0,11.6,,,83.2,1,11.6,0,164.1,-1,0,4,28.2,0,
NXTS,Nexentis Technologies Inc. - Common Stock,أمريكا,1.38,1.14,8,45.6,1,1,45.6,1:7,2026-04-08,97.2,1,25.8,0,697.1,-1,0,4,45.6,1,
NYXH,Nyxoah SA - Ordinary Shares,أمريكا,1.41,1.27,7,31.5,1,1,43.3,,,79.5,1,37.8,0,100.0,-1,0,3,31.5,0,
OABI,OmniAb  Inc. - Common Stock,أمريكا,4.92,1.9,45,185.8,0,0,69.9,,,9.4,0,62.9,0,0.0,-1,0,0,30.8,0,
OCCI,OFS Credit Company  Inc. - Closed End Fund,أمريكا,2.19,2.068,54,32.7,1,1,23.7,,,50.0,1,17.4,0,91.0,-1,0,4,7.0,0,
OCG,Oriental Culture Holding LTD - Ordinary Shares,أمريكا,1.65,1.4,54,42.9,0,0,56.9,1:3,2026-04-27,100.0,0,36.4,1,561.1,-1,0,3,39.9,1,
OCGN,Ocugen  Inc. - Common Stock,أمريكا,1.04,0.97,13,13.4,1,1,56.3,,,61.8,1,45.1,0,88.5,-1,0,3,24.5,1,
ODYS,Odysight.ai Inc. - Common Stock,أمريكا,2.78,2.51,1,19.4,0,0,22.1,,,75.4,1,20.0,0,0.0,-1,0,3,19.4,0,
OFS,OFS Capital Corporation - Closed End Fund,أمريكا,3.56,3.015,46,33.3,0,0,34.6,,,45.1,1,34.6,0,62.2,-1,0,2,11.4,0,
OIO,OIO Group - Ordinary Shares,أمريكا,1.73,1.36,4,44.1,0,0,48.5,1:3,2026-04-24,85.6,1,42.9,1,0.0,-1,0,3,86.0,1,
OKUR,OnKure Therapeutics  Inc. - Class A Common Stock,أمريكا,2.63,2.42,0,10.3,0,0,37.4,,,51.1,1,18.5,0,0.0,-1,0,3,16.8,0,
OKYO,OKYO Pharma Limited - Ordinary Shares,أمريكا,1.47,1.265,2,16.2,0,0,63.8,,,54.1,0,31.6,1,29.3,-1,0,2,16.2,1,
OM,Outset Medical  Inc. - Common Stock,أمريكا,4.1,2.841,5,46.3,0,0,75.3,,,74.6,0,35.1,0,193.2,-1,0,2,46.3,1,
OMH,Ohmyhome Limited - Class A Ordinary Shares,أمريكا,2.71,2.05,16,40.0,0,0,70.6,1:50,2026-08-31,97.5,1,50.9,0,767.2,-1,0,3,40.0,1,
OMSE,OMS Energy Technologies Inc. - Ordinary Shares,أمريكا,4.43,4.07,47,22.6,1,1,50.0,,,37.6,1,40.1,1,0.0,-1,0,2,9.7,1,
ONEN,ONE Nuclear Energy Inc. - Common Stock,أمريكا,2.13,1.82,1,29.1,0,0,21.6,,,82.3,1,18.6,0,73.2,-1,0,4,156.1,0,
OPAD,Offerpad Solutions Inc.  - Class A Common Stock,أمريكا,3.05,3.05,0,7.7,0,0,21.7,1:10,2026-06-09,56.7,1,19.1,0,0.0,-1,0,3,10.3,0,
OPAL,OPAL Fuels Inc. - Class A Common Stock,أمريكا,1.78,1.7,0,5.6,0,0,42.9,,,38.0,1,35.4,0,9.6,-1,0,1,12.4,0,
OPEN,Opendoor Technologies Inc  - Common Stock,أمريكا,2.31,2.25,2,12.4,0,0,32.3,,,76.2,1,21.6,0,28.1,-1,0,3,12.4,1,
OPK,Opko Health  Inc. - Common Stock,أمريكا,1.57,1.17,52,49.6,0,0,50.0,,,10.3,0,50.0,0,0.0,-1,0,0,19.0,0,
OPTH,Optimi Health Corp. - Common Shares,أمريكا,4.295,4.1,57,26.8,1,1,17.6,,,32.9,1,17.6,0,0.0,-1,0,2,26.5,0,
ORBS,Eightco Holdings Inc. - Common Stock,أمريكا,1.08,0.566,54,139.4,0,0,63.6,,,91.7,0,57.8,0,578.7,-1,0,2,64.2,0,
ORGO,Organogenesis Holdings Inc.  - Class A ,أمريكا,1.29,1.275,0,4.9,0,0,33.7,,,81.8,1,31.3,0,146.5,-1,0,3,11.6,1,
ORIO,Orion Digital Corp. - Common Shares,أمريكا,1.05,0.61,49,91.8,0,0,56.9,,,49.3,0,19.6,0,0.0,-1,0,1,22.0,0,
ORMP,Oramed Pharmaceuticals Inc. - Common Stock,أمريكا,4.55,3.91,57,39.9,0,0,45.2,,,16.8,1,37.5,0,0.0,-1,0,1,7.9,0,
OST,Ostin Technology Group Co.  Ltd. - Class A Ordinary Shares,أمريكا,1.695,1.695,59,0.0,0,0,100.0,,,0.0,0,100.0,0,0.0,-1,0,0,0.0,0,
OSUR,OraSure Technologies  Inc. - Common Stock,أمريكا,4.11,3.15,17,30.8,0,0,79.3,,,10.3,0,70.9,0,0.0,-1,0,0,30.8,1,
OVID,Ovid Therapeutics Inc. - Common Stock,أمريكا,2.34,2.2,45,34.1,1,1,27.7,,,24.6,1,27.7,0,0.0,-1,0,2,12.7,0,
OXBR,Oxbridge Re Holdings Limited - Ordinary Shares,أمريكا,1.14,0.965,3,30.6,1,1,36.0,,,46.6,1,30.4,0,0.0,-1,0,1,30.6,0,
OXSQ,Oxford Square Capital Corp. - Closed End Fund,أمريكا,1.27,1.24,11,4.8,0,0,40.0,,,27.6,1,31.8,0,0.0,-1,0,1,4.8,1,
PACB,Pacific Biosciences of California  Inc. - Common Stock,أمريكا,2.87,1.07,37,172.9,0,0,95.3,,,1.7,0,85.5,0,0.0,-1,0,0,133.6,1,
PAL,Proficient Auto Logistics  Inc. - Common Stock,أمريكا,3.59,3.34,2,8.8,0,0,10.6,,,67.3,1,8.4,1,183.0,-1,0,5,22.4,1,
PALI,Palisade Bio  Inc. - Common Stock,أمريكا,1.46,1.32,3,12.1,0,0,24.5,,,49.0,1,19.4,0,0.0,-1,0,2,22.2,0,
PASG,Passage Bio  Inc. - Common Stock,أمريكا,4.09,4.05,0,3.5,0,0,30.2,,,79.5,1,28.3,0,184.8,-1,0,4,15.8,0,
PAVM,PAVmed Inc. - Common Stock,أمريكا,2.66,2.61,2,41.4,1,0,21.2,1:30,2026-01-02,90.6,1,18.9,0,200.9,-1,0,4,41.4,0,
PAVS,Paranovus Entertainment Technology Ltd. - Class A Ordinary Shares,أمريكا,3.77,3.7,0,5.9,0,0,32.1,1:100,2026-06-29,100.0,1,30.4,0,2928282.0,-1,0,3,17.1,1,
PCSA,Processa Pharmaceuticals  Inc. - Common Stock,أمريكا,1.49,1.49,0,9.4,0,0,20.3,1:25,2025-12-17,89.5,1,20.3,0,660.1,-1,0,4,17.7,0,
PCT,PureCycle Technologies  Inc. - Common stock,أمريكا,4.09,3.86,0,13.2,0,0,19.1,,,73.6,1,14.7,0,141.2,-1,0,4,13.2,0,
PDC,Perpetuals.com Ltd - American Depositary Shares,أمريكا,3.29,2.42,59,98.3,0,0,53.4,,,62.7,1,52.4,0,0.0,-1,0,2,59.0,1,
PDSB,PDS Biotechnology Corporation - Common Stock,أمريكا,1.2,0.195,32,592.3,0,0,71.8,,,22.6,0,65.3,1,0.0,-1,0,1,425.3,1,
PEPG,PepGen Inc. - Common Stock,أمريكا,2.36,1.68,46,112.5,0,0,31.5,,,69.7,1,17.6,0,72.7,-1,0,4,19.6,0,
PETS,PetMed Express  Inc. - Common Stock,أمريكا,1.32,1.31,0,3.1,0,0,8.3,,,67.8,1,8.1,0,48.5,-1,0,4,9.5,0,
PETZ,TDH Holdings  Inc. - Common Shares,أمريكا,1.23,1.08,56,66.7,0,0,35.1,,,32.6,1,35.1,0,10.6,-1,0,1,15.1,0,
PFAI,Pinnacle Food Group Limited - Class A Common Shares,أمريكا,2.688,2.05,43,51.2,1,1,44.3,,,45.5,1,19.3,0,13.5,-1,0,2,39.5,0,
PFSA,Profusa  Inc. - Common Stock,أمريكا,1.75,1.58,12,164.6,1,1,49.0,1:4,2026-08-17,99.9,1,40.6,0,75328.6,-1,0,3,164.6,1,
PHUN,Phunware  Inc. - Common Stock,أمريكا,2.055,1.94,6,8.2,0,0,57.4,,,34.4,0,41.3,0,0.0,-1,0,0,8.2,1,
PLBY,Playboy  Inc. - Common Stock,أمريكا,1.03,0.982,2,7.9,0,0,30.8,,,62.5,1,24.0,0,64.2,-1,0,4,7.9,0,
PLCE,Children's Place  Inc. (The) - Common Stock,أمريكا,1.91,1.82,14,35.7,1,1,50.6,,,80.0,1,31.5,0,254.5,-1,0,3,35.7,0,
PLRX,Pliant Therapeutics  Inc. - Common Stock,أمريكا,1.03,1.02,37,20.6,1,0,35.0,,,47.2,1,31.8,0,0.0,-1,0,1,9.3,0,
PLSM,Pulsenmore Ltd. - Ordinary Shares,أمريكا,2.21,1.965,4,26.2,0,0,40.5,,,83.0,1,31.3,0,0.0,-1,0,2,26.2,1,
PLTK,Playtika Holding Corp. - Common Stock,أمريكا,2.18,2.07,5,7.0,0,0,32.1,,,50.0,1,31.5,0,77.3,-1,0,3,11.6,1,
PLUG,Plug Power  Inc. - Common Stock,أمريكا,1.89,1.83,5,11.5,1,1,37.1,,,58.7,1,29.7,0,0.0,-1,0,3,11.5,0,
PLUR,Pluri Inc. - Common Stock,أمريكا,1.035,0.9,5,21.1,1,1,32.5,,,78.7,1,21.0,0,196.6,-1,0,4,21.1,1,
PLUT,Plutus Financial Group Limited - Ordinary Shares,أمريكا,2.717,1.95,1,53.3,0,0,50.9,,,32.1,0,34.2,1,15.5,-1,0,1,53.3,1,
PLYX,Polaryx Therapeutics  Inc. - Common Stock,أمريكا,2.07,1.85,29,19.5,0,0,51.7,,,95.8,1,49.2,0,0.0,-1,0,2,12.2,1,
PMA,PMA Graphene Technology Group Inc. - Class A Ordinary Shares,أمريكا,1.2,1.0,37,79.6,0,0,43.7,,,55.6,1,43.7,0,29.2,-1,0,2,15.8,0,
PMVP,PMV Pharmaceuticals  Inc. - Common Stock,أمريكا,1.78,1.04,44,83.7,0,0,74.7,,,6.8,0,53.7,0,0.0,-1,0,0,49.2,1,
PN,PN Smart Energy Limited - Class A Ordinary Shares,أمريكا,2.42,1.771,15,73.3,0,0,50.3,1:20,2026-04-13,93.9,1,50.3,0,174.8,-1,0,3,73.3,1,
POCI,Precision Optics Corporation  Inc. - Common stock,أمريكا,4.46,4.04,4,13.4,0,0,57.8,,,27.5,0,41.9,0,0.0,-1,0,0,17.3,0,
PODC,PodcastOne  Inc. - Common Stock,أمريكا,2.27,1.97,4,31.5,0,0,49.2,,,56.3,1,26.2,0,0.0,-1,0,3,31.5,1,
POLA,Polar Power  Inc. - Common Stock,أمريكا,1.15,1.07,2,12.1,1,1,38.6,,,80.0,1,29.8,0,44.3,-1,0,4,17.9,0,
POWW,Outdoor Holding Company - Common Stock,أمريكا,2.24,2.05,50,30.2,1,1,58.3,,,16.1,0,58.3,0,0.0,-1,0,0,13.8,1,
PPBT,Purple Biotech Ltd. - American Depositary Shares,أمريكا,1.56,1.16,41,123.3,0,0,34.6,1:10,2026-03-02,88.9,1,25.5,0,122.4,-1,0,4,20.0,0,
PPSI,Pioneer Power Solutions  Inc. - Common Stock,أمريكا,3.25,2.6,33,38.1,0,0,60.5,,,48.3,0,56.2,0,0.0,-1,0,0,23.8,0,
PRLD,Prelude Therapeutics Incorporated - Common Stock,أمريكا,3.77,3.55,0,7.3,0,0,33.1,,,44.8,1,26.5,0,0.0,-1,0,2,17.0,0,
PRME,Prime Medicine  Inc. - Common Stock,أمريكا,3.21,2.72,44,41.9,1,1,51.8,,,53.7,0,40.6,0,65.1,-1,0,2,21.7,0,
PROK,ProKidney Corp. - Class A Ordinary Shares,أمريكا,1.58,1.3,35,60.8,0,0,42.1,,,54.6,1,37.9,0,0.0,-1,0,2,15.1,0,
PRPL,Purple Innovation  Inc. - Common Stock,أمريكا,2.18,2.05,2,9.3,0,0,36.4,1:25,2026-07-20,91.2,1,27.2,0,622.5,-1,0,4,43.5,1,
PRQR,ProQR Therapeutics N.V. - Ordinary Shares,أمريكا,1.67,1.55,2,10.3,0,0,34.0,,,46.1,1,21.7,0,0.0,-1,0,2,11.8,0,
PSEC,Prospect Capital Corporation - Closed End Fund,أمريكا,1.93,1.93,0,3.9,0,0,19.1,,,29.9,1,19.1,0,0.0,-1,0,2,4.6,0,
PSHG,Performance Shipping Inc. - Common Shares,أمريكا,1.7,1.62,1,11.1,0,0,47.8,,,34.1,1,47.8,0,0.0,-1,0,1,20.1,0,
PSIG,PS International Group Ltd. - Ordinary Shares,أمريكا,4.6,1.05,34,361.9,0,0,77.6,1:8,2025-10-13,61.7,0,77.6,0,0.0,-1,0,1,191.3,1,
PSNYW,Polestar Automotive Holding UK Limited - Class C-1 ADS (ADW),أمريكا,4.19,2.15,58,322.3,1,1,36.5,1:30,2025-12-09,70.9,0,36.5,0,0.0,-1,0,1,34.5,0,
PSQLW,Pasqal Holding SA - Warrant,أمريكا,1.13,0.99,2,23.2,1,1,45.5,,,64.9,1,29.9,0,0.0,-1,0,3,38.9,0,
PTLO,Portillo's Inc. - Class A Common Stock,أمريكا,3.55,3.29,5,11.2,1,1,25.0,,,46.9,1,14.4,1,0.0,-1,0,3,11.2,1,
PULM,Pulmatrix  Inc. - Common Stock,أمريكا,1.48,1.36,21,30.6,0,0,52.6,,,73.1,1,52.6,0,150.7,-1,0,3,30.6,0,
PUSA,Powerus Corporation - Common Stock,أمريكا,2.895,2.6,44,60.4,0,0,36.4,,,64.9,1,36.4,0,0.0,-1,0,2,39.5,0,
PYXS,Pyxis Oncology  Inc. - Common Stock,أمريكا,2.24,1.9,38,118.4,0,0,20.7,,,59.6,1,15.3,0,26.3,-1,0,3,31.5,0,
QH,Quhuo Limited - Class A Ordinary Shares,أمريكا,3.74,3.51,1,8.3,0,0,34.2,,,70.8,1,28.4,1,154.0,-1,0,5,37.9,1,
QNRX,Quoin Pharmaceuticals  Ltd. - American Depositary Shares,أمريكا,4.555,3.99,46,106.8,0,0,18.6,,,89.1,1,15.2,0,283.3,-1,0,4,21.9,0,
QNTM,Quantum Biopharma Ltd. - Class B Subordinate Voting Shares,أمريكا,3.27,2.66,43,63.2,0,0,44.5,,,82.7,1,44.5,0,0.0,-1,0,2,41.8,0,
QRHC,Quest Resource Holding Corporation - Common Stock,أمريكا,1.4,1.21,50,37.2,0,0,60.0,,,41.9,0,30.8,1,0.0,-1,0,1,10.2,1,
QS,QuantumScape Corporation - Common Stock,أمريكا,4.62,4.46,0,4.0,0,0,32.8,,,75.8,1,25.5,0,0.0,-1,0,3,8.9,0,
QSI,Quantum-Si Incorporated - Class A Common Stock,أمريكا,1.28,0.69,46,124.6,0,0,71.9,,,58.7,0,71.9,0,0.0,-1,0,1,115.3,1,
QTEX,QTREX Quantum Ltd. - Ordinary Shares,أمريكا,1.54,0.57,5,186.0,0,0,80.0,,,60.0,0,32.9,1,0.0,-1,0,2,186.0,1,
QTI,QT Imaging Holdings  Inc. - Common Stock,أمريكا,2.61,2.42,6,17.4,0,0,53.9,1:5,2025-10-27,92.9,1,39.4,0,380.8,-1,0,3,30.7,1,
QTRX,Quanterix Corporation - Common Stock,أمريكا,3.81,2.15,39,81.2,0,0,78.5,,,56.6,0,73.7,0,0.0,-1,0,1,64.4,1,
QUCY,Quantum Cyber N.V. - Ordinary Shares,أمريكا,1.35,1.03,47,60.2,0,0,55.0,,,72.6,1,36.8,1,0.0,-1,0,3,10.6,1,
QXL,Quantum X Labs Inc. - Common Stock,أمريكا,4.16,4.05,47,52.1,1,0,39.5,,,46.0,1,39.5,0,0.0,-1,0,1,45.6,0,
RADX,Radiopharm Theranostics Limited - American Depositary Shares,أمريكا,1.27,1.0,0,40.0,0,0,38.7,,,92.2,1,28.1,0,601.6,-1,0,4,40.0,1,
RAVE,Rave Restaurant Group  Inc. - Common Stock,أمريكا,2.29,2.06,7,17.0,0,0,23.2,,,36.4,1,22.6,0,19.7,-1,0,2,17.0,0,
RAYA,Erayak Power Solution Group Inc. - Class A Ordinary Shares,أمريكا,1.89,1.65,15,47.3,1,1,47.9,1:10,2026-04-20,97.4,1,35.2,0,1614.3,-1,0,3,47.3,1,
RBBN,Ribbon Communications Inc.  - Common Stock,أمريكا,1.7,1.55,13,20.6,0,0,41.8,,,58.4,1,34.1,0,134.1,-1,0,3,20.6,1,
RBNE,Robin Energy Ltd. - Common Stock,أمريكا,2.16,2.07,46,48.8,1,1,28.6,1:15,2026-07-09,98.4,1,20.8,0,4587.5,-1,0,4,22.8,1,
RCKT,Rocket Pharmaceuticals  Inc. - Common Stock,أمريكا,2.61,2.5,0,5.2,0,0,20.4,,,52.1,1,16.9,0,0.0,-1,0,3,17.0,0,
RCON,Recon Technology  Ltd. - Class A Ordinary Shares,أمريكا,1.25,1.2,14,20.0,1,1,50.0,1:200,2026-08-18,99.7,1,41.7,0,860.0,-1,0,3,20.0,1,
RDI,Reading International Inc - Class A Non-voting Common Stock,أمريكا,1.85,1.2,58,100.8,0,0,37.1,,,23.2,0,25.4,0,0.0,-1,0,1,14.4,0,
RDNW,RideNow Group  Inc. - Class B Common Stock,أمريكا,4.95,4.89,0,9.0,0,0,35.4,,,42.1,1,35.4,0,0.0,-1,0,1,27.6,0,
RDZN,Roadzen  Inc. - Ordinary Shares,أمريكا,1.19,1.075,55,51.6,1,1,49.4,,,53.5,1,49.4,0,0.0,-1,0,2,27.7,1,
REBN,Reborn Coffee  Inc. - Common Stock,أمريكا,2.0,0.649,19,249.8,0,0,88.4,,,32.2,0,87.8,0,0.0,-1,0,0,249.8,1,
RECT,Rectitude Holdings Ltd - Ordinary Shares,أمريكا,1.26,0.982,48,43.6,0,0,46.1,,,69.4,0,46.1,0,0.0,-1,0,1,13.5,0,
RENT,Rent the Runway  Inc. - Class A Common Stock,أمريكا,1.55,1.51,0,4.6,0,0,24.0,,,84.7,1,18.2,1,0.0,-1,0,4,33.2,1,
RENX,RenX Enterprises Corp. - Common Stock,أمريكا,1.89,1.57,12,55.4,0,0,55.4,1:20,2026-03-26,94.3,1,55.4,0,581.5,-1,0,3,55.4,1,
RETO,ReTo Eco-Solutions  Inc. - Class A Shares,أمريكا,1.95,1.46,1,64.4,0,0,1.9,1:20,2026-10-02,99.6,1,1.9,1,1520.5,-1,0,5,5857.1,1,
RGP,Resources Connection  Inc. - Common Stock,أمريكا,3.74,3.573,51,27.0,1,1,24.7,,,26.8,1,24.7,0,29.7,-1,0,2,11.6,0,
RILY,BRC Group Holdings  Inc. - Common Stock,أمريكا,4.88,4.56,4,15.4,1,1,24.7,,,56.6,1,14.4,0,10.9,-1,0,3,15.4,0,
RLMD,Relmada Therapeutics  Inc. - Common Stock,أمريكا,3.48,3.415,0,8.3,0,0,15.2,,,56.5,1,15.2,0,0.0,-1,0,3,16.3,0,
RMCO,Royalty Management Holding Corporation - Class A Common Stock,أمريكا,2.48,2.109,55,57.7,0,0,34.0,,,50.2,1,25.3,0,0.0,-1,0,3,11.2,0,
RMNI,Rimini Street  Inc. - Common Stock,أمريكا,4.18,4.1,4,6.1,0,0,24.5,,,26.4,1,22.9,0,0.0,-1,0,2,6.3,0,
RNAZ,TransCode Therapeutics  Inc. - Common Stock,أمريكا,1.76,1.52,2,23.0,0,0,58.2,,,91.6,1,40.0,0,377.3,-1,0,3,51.4,1,
RNXT,RenovoRx  Inc. - Common Stock,أمريكا,1.47,0.83,58,212.0,0,0,35.6,,,43.2,1,29.7,0,0.0,-1,0,2,18.9,0,
ROC,Rank One Computing Corporation - Common stock,أمريكا,3.96,3.9,3,8.7,0,0,40.6,,,49.2,1,36.5,0,0.0,-1,0,1,15.3,0,
RPAY,Repay Holdings Corporation - Class A Common Stock,أمريكا,3.9,3.475,34,16.0,1,1,55.5,,,26.4,0,52.9,1,0.0,-1,0,1,14.9,1,
RR,Richtech Robotics Inc. - Class B Common Stock,أمريكا,1.72,1.3,47,53.1,0,0,56.8,,,76.9,0,43.8,1,72.1,-1,0,3,14.7,1,
RSSS,Research Solutions  Inc - Common Stock,أمريكا,2.09,1.92,14,13.5,0,0,63.6,,,44.9,1,49.1,0,19.6,-1,0,1,13.5,1,
RVSN,Rail Vision Ltd. - Ordinary Shares,أمريكا,3.68,3.23,2,14.5,0,0,47.6,1:30,2026-02-04,99.6,1,31.2,1,7506.0,-1,0,4,22.4,1,
RXRX,Recursion Pharmaceuticals  Inc. - Class A Common Stock,أمريكا,4.78,2.84,54,73.8,0,0,77.1,,,33.4,0,65.1,0,11.5,-1,0,0,59.2,1,
RXST,RxSight  Inc. - Common Stock,أمريكا,4.76,4.61,5,8.2,0,0,21.3,,,64.0,1,12.3,0,151.3,-1,0,4,10.0,0,
RXT,Rackspace Technology  Inc. - Common Stock,أمريكا,3.9,2.88,22,49.0,0,0,60.6,,,54.7,0,60.6,0,0.0,-1,0,1,39.7,1,
RYOJ,rYojbaba Co.  Ltd. - Common Shares,أمريكا,2.8,2.75,4,37.0,1,0,27.8,,,75.5,1,22.3,0,0.0,-1,0,3,37.0,0,
RZLT,Rezolute  Inc. - Common Stock (NV),أمريكا,4.33,3.665,11,24.7,1,1,55.9,,,62.2,0,40.8,0,127.7,-1,0,2,24.7,1,
RZLV,Rezolve AI PLC - Ordinary Shares,أمريكا,2.23,2.05,1,10.7,0,0,46.6,,,68.5,1,28.6,1,25.6,-1,0,4,10.7,1,
SABR,Sabre Corporation - Common Stock,أمريكا,1.93,1.64,51,52.4,0,0,41.5,,,22.8,1,39.6,0,0.0,-1,0,1,20.8,0,
SABS,SAB Biotherapeutics  Inc. - Common Stock,أمريكا,3.1,2.855,0,13.8,0,0,34.8,,,39.8,1,24.7,0,0.0,-1,0,2,13.8,0,
SANA,Sana Biotechnology  Inc. - Common Stock,أمريكا,2.88,2.82,0,3.9,0,0,37.4,,,56.0,1,36.4,0,0.0,-1,0,2,17.3,0,
SANG,Sangoma Technologies Corporation - Common Shares,أمريكا,4.84,3.44,10,47.1,0,0,86.6,,,10.7,0,76.1,0,11.0,-1,0,0,47.1,1,
SCLX,Scilex Holding Company - Common Stock,أمريكا,3.82,3.81,0,17.8,0,0,29.4,,,77.3,1,29.4,0,0.0,-1,0,3,17.8,0,
SCNI,Scinai Immunotherapeutics Ltd. - American Depositary Shares,أمريكا,1.26,1.26,0,8.1,0,0,39.9,1:10,2026-08-21,92.3,1,24.9,0,852.4,-1,0,4,66.9,0,
SCNX,Scienture Holdings  Inc. - Common Stock,أمريكا,3.71,0.134,1,3064.2,0,0,95.2,,,12.5,0,3.1,1,0.0,-1,0,2,3064.2,1,
SCOR,comScore  Inc. - Common Stock,أمريكا,4.3,4.185,0,8.1,0,0,18.6,,,54.0,1,18.6,0,0.0,-1,0,3,13.1,0,
SCWO,374Water Inc. - common stock,أمريكا,2.95,1.9,59,84.2,0,0,41.0,1:10,2025-12-26,72.9,0,33.3,0,0.0,-1,0,1,15.8,0,
SEAT,Vivid Seats Inc. - Class A common stock,أمريكا,3.28,3.26,0,9.5,0,0,14.2,,,78.8,1,14.2,0,256.4,-1,0,4,18.3,1,
SEER,Seer  Inc. - Class A Common Stock,أمريكا,2.33,1.78,7,33.4,0,0,79.5,,,3.3,0,68.4,0,0.0,-1,0,0,33.4,1,
SEGG,Sports Entertainment Gaming Global Corporation  - Common Stock,أمريكا,2.2,2.17,0,7.4,0,0,14.3,1:7,2026-08-03,93.9,1,11.6,0,0.0,-1,0,3,38.1,0,
SELF,Global Self Storage  Inc. - Common Stock,أمريكا,4.9,4.8,4,4.2,0,0,44.2,,,13.5,1,35.6,0,0.0,-1,0,1,4.8,0,
SERA,Sera Prognostics  Inc. - Class A Common Stock,أمريكا,2.0,1.851,40,19.4,0,0,50.8,,,49.4,1,50.8,0,0.0,-1,0,1,12.2,0,
SERV,Serve Robotics Inc. - Common Stock,أمريكا,4.88,4.17,13,19.7,0,0,67.9,,,73.8,0,49.1,0,12.7,-1,0,1,19.7,1,
SEV,Aptera Motors Corp. - Class B Common Stock,أمريكا,1.58,1.56,1,12.8,0,0,29.5,,,93.0,1,26.3,0,0.0,-1,0,3,32.3,0,
SFHG,Samfine Creation Holdings Group Limited - Class A Ordinary Share,أمريكا,2.08,1.99,20,27.6,1,1,46.2,1:5,2026-02-27,58.0,1,43.9,0,0.0,-1,0,2,23.9,0,
SFIX,Stitch Fix  Inc. - Class A Common Stock,أمريكا,2.68,2.1,7,29.8,0,0,41.9,,,53.4,1,35.8,1,3.0,-1,0,3,29.8,1,
SGRX,SANGRIX INC. - Class A Ordinary Shares,أمريكا,1.12,1.04,0,12.5,0,0,26.4,1:5,2026-08-21,99.3,1,26.4,0,8712.5,-1,0,4,57.7,1,
SHIM,Shimmick Corporation - Common Stock,أمريكا,3.11,2.89,2,9.0,0,0,40.6,,,54.0,1,28.9,0,0.0,-1,0,3,9.3,0,
SHMD,SCHMID Group N.V. - Class A Ordinary Shares,أمريكا,4.5,2.93,27,73.0,0,0,74.0,,,57.7,0,69.3,0,0.0,-1,0,1,64.3,1,
SHPH,Shuttle Pharmaceuticals Holdings  Inc. - common stock,أمريكا,4.01,2.576,47,86.3,0,0,58.5,1:10,2026-06-11,92.8,0,58.0,0,391.3,-1,0,2,35.1,1,
SIDU,Sidus Space  Inc. - Class A Common Stock,أمريكا,1.75,1.66,47,60.8,1,1,38.7,,,74.2,1,37.6,0,218.9,-1,0,3,13.2,0,
SIEB,Siebert Financial Corp. - Common Stock,أمريكا,2.24,1.53,48,79.7,0,0,41.8,,,45.9,0,26.2,0,0.0,-1,0,1,17.5,0,
SIGA,SIGA Technologies Inc. - Common Stock,أمريكا,3.48,2.83,37,29.7,0,0,75.0,,,56.0,0,60.7,0,107.2,-1,0,2,25.3,1,
SILO,Silo Pharma  Inc. - Common Stock,أمريكا,1.49,1.3,0,16.1,0,0,23.7,1:15,2026-06-03,86.3,1,17.9,0,345.0,-1,0,4,20.9,1,
SINT,SiNtx Technologies  Inc. - Common Stock,أمريكا,2.18,1.4,50,70.7,0,0,77.3,,,53.0,0,65.7,0,0.0,-1,0,1,51.3,1,
SION,Sionna Therapeutics  Inc. - Common Stock,أمريكا,4.85,4.01,39,112.8,0,0,16.5,,,91.2,1,11.5,0,916.5,-1,0,4,23.9,1,
SKK,SKK Holdings Limited - Class A Ordinary Shares,أمريكا,4.49,3.75,14,45.1,0,0,64.3,1:10,2026-04-06,75.0,0,50.0,0,0.0,-1,0,1,45.1,1,
SKYA,SkyAI  Inc. - Common Stock,أمريكا,1.87,0.968,34,113.8,0,0,77.7,,,72.7,0,68.8,0,33.2,-1,0,2,68.3,1,
SKYE,Skye Bioscience  Inc. - Common Stock,أمريكا,1.73,1.5,12,30.0,1,1,35.2,1:8,2026-08-24,90.6,1,28.4,0,0.0,-1,0,3,30.0,1,
SKYQ,Sky Quarry Inc. - Common Stock,أمريكا,2.54,2.391,0,6.6,0,0,29.6,1:8,2026-03-16,86.9,1,29.2,0,0.0,-1,0,3,45.6,0,
SKYX,SKYX Platforms Corp. - Common Stock,أمريكا,1.15,1.06,47,43.4,0,0,28.7,,,65.0,1,21.7,0,0.0,-1,0,3,32.2,0,
SLBT,SL Science Holding Limited - Ordinary Shares,أمريكا,1.59,1.42,6,39.1,0,0,36.9,,,89.0,1,26.5,0,374.8,-1,0,4,39.1,1,
SLDP,Solid Power  Inc. - Class A Common Stock,أمريكا,2.3,1.98,48,34.3,0,0,42.3,,,74.0,1,39.4,0,0.0,-1,0,2,9.7,0,
SLMT,Brera Holdings PLC - Class B Ordinary Shares,أمريكا,3.95,2.93,12,71.0,0,0,58.0,1:10,2026-05-14,98.4,1,57.9,0,1345.6,-1,0,3,71.0,1,
SLNH,Soluna Holdings  Inc. - Common Stock,أمريكا,1.03,1.01,0,6.9,0,0,39.1,,,80.0,1,36.2,0,0.0,-1,0,2,20.0,0,
SMSI,Smith Micro Software  Inc. - Common Stock,أمريكا,2.65,2.39,47,33.5,0,0,27.3,1:5,2026-06-05,43.0,1,25.9,0,26.8,-1,0,2,10.4,0,
SMTK,SmartKem  Inc. - Common Stock,أمريكا,1.22,1.15,0,19.1,0,0,14.5,1:50,2026-08-21,99.4,1,14.5,0,650.0,-1,0,4,39.9,1,
SMX,SMX (Security Matters) Public Limited Company - Ordinary Shares,أمريكا,3.9,3.5,0,20.0,0,0,11.4,1:2,2026-06-01,99.9,1,10.8,0,13501.7,-1,0,4,73.7,0,
SMXT,Solarmax Technology Inc. - Common Stock,أمريكا,2.37,1.82,15,48.0,0,0,62.2,1:12,2026-08-13,84.4,1,45.6,0,0.0,-1,0,2,48.0,1,
SNAL,Snail  Inc. - Class A Common Stock,أمريكا,2.3,2.1,1,15.7,0,0,34.6,1:5,2026-07-06,78.7,1,20.0,0,81.3,-1,0,4,15.7,1,
SNDL,SNDL Inc. - Common Shares,أمريكا,1.25,1.165,47,25.3,0,0,32.1,,,56.7,1,27.6,0,0.0,-1,0,3,6.8,0,
SNOA,Sonoma Pharmaceuticals  Inc. - Common Stock,أمريكا,1.22,1.07,44,35.5,0,0,41.7,,,73.5,1,41.7,0,47.5,-1,0,3,9.2,0,
SNT,Senstar Technologies Corporation - Common Shares,أمريكا,1.55,1.43,9,16.8,0,0,49.0,,,71.0,1,40.0,0,0.0,-1,0,2,16.8,1,
SNTG,Sentage Holdings Inc. - Class A Ordinary Shares,أمريكا,1.72,1.58,44,36.1,1,1,46.4,,,49.2,1,42.7,0,0.0,-1,0,1,24.2,1,
SNWV,SANUWAVE Health  Inc. - Common Stock,أمريكا,4.7,3.92,17,30.6,0,0,63.1,,,88.5,1,61.7,0,692.3,-1,0,3,30.6,1,
SONM,DNA X  Inc. - Common Stock,أمريكا,4.025,2.8,53,69.6,0,0,62.0,1:18,2025-10-27,76.3,0,61.7,0,280.1,-1,0,2,66.1,1,
SORA,AsiaStrategy - Ordinary Shares,أمريكا,2.11,1.25,58,219.2,0,0,45.9,,,69.8,1,45.9,0,0.0,-1,0,2,26.3,0,
SOWG,Sow Good Inc. - Common Stock,أمريكا,2.4,2.1,6,24.8,0,0,35.1,1:15,2026-04-24,84.9,1,29.0,0,0.0,-1,0,3,28.4,0,
SPAI,Safe Pro Group Inc. - Common Stock,أمريكا,4.38,3.58,48,78.8,0,0,50.8,,,51.6,1,43.7,1,0.0,-1,0,3,21.8,1,
SPHL,Springview Holdings Ltd - Ordinary shares,أمريكا,2.45,2.18,8,68.3,1,1,51.4,1:8,2025-12-02,90.2,1,48.6,0,11.0,-1,0,2,68.3,0,
SPPL,SIMPPLE LTD. - Ordinary Shares,أمريكا,2.02,1.65,42,98.5,1,1,39.8,,,71.1,1,39.8,0,72.8,-1,0,3,49.9,1,
SPRC,SciSparc Ltd. - Ordinary Shares,أمريكا,4.36,4.23,59,172.1,1,1,42.5,1:9,2026-03-04,90.0,1,39.1,0,725.7,-1,0,3,27.6,1,
SPRO,Spero Therapeutics  Inc. - Common Stock,أمريكا,1.16,1.08,50,33.3,0,0,52.5,,,62.3,1,52.5,0,0.0,-1,0,2,30.9,1,
SPRY,ARS Pharmaceuticals  Inc. - Common Stock,أمريكا,4.29,3.985,1,10.3,0,0,51.1,,,67.4,1,31.2,0,141.8,-1,0,3,12.3,1,
SPWH,Sportsman's Warehouse Holdings  Inc. - Common Stock,أمريكا,1.16,1.1,13,13.6,1,1,55.0,,,65.4,1,37.8,0,102.6,-1,0,3,13.6,0,
SQFT,Presidio Property Trust  Inc. - Class A Common Stock,أمريكا,1.13,1.13,0,11.1,0,0,37.8,,,82.3,1,37.8,0,138.9,-1,0,3,35.1,1,
SRTA,Strata Critical Medical  Inc. - Class A Common Stock,أمريكا,4.81,4.685,0,4.7,0,0,32.6,,,26.0,1,27.0,0,0.0,-1,0,2,8.2,0,
SRTS,Sensus Healthcare  Inc. - Common Stock,أمريكا,2.92,2.8,35,32.9,1,1,39.2,,,46.8,1,36.1,0,37.7,-1,0,2,6.8,0,
SSII,SS Innovations International Inc. - Common Stock,أمريكا,2.77,2.62,0,8.2,0,0,23.2,,,72.3,1,13.3,0,0.0,-1,0,3,11.7,0,
SSM,Sono Group N.V. - Ordinary Shares,أمريكا,1.59,1.05,6,194.3,0,0,47.5,,,84.9,1,13.6,1,0.0,-1,0,4,194.3,1,
SSP,E.W. Scripps Company (The) - Class A Common Stock,أمريكا,2.72,2.51,2,12.0,0,0,24.7,,,49.5,1,21.1,0,0.0,-1,0,2,12.0,0,
STAK,STAK Inc. - Class A Ordinary Shares,أمريكا,1.05,0.93,7,87.1,1,1,46.3,,,91.3,1,43.9,0,0.0,-1,0,2,87.1,1,
STFS,Star Fashion Culture Holdings Limited - Class A Ordinary Shares,أمريكا,3.84,2.64,51,223.9,0,0,58.2,1:40,2026-03-13,81.7,1,42.3,0,0.0,-1,0,2,36.2,1,
STIM,Neuronetics  Inc. - Common Stock,أمريكا,2.2,1.56,55,120.5,0,0,25.4,,,36.0,1,20.0,0,0.0,-1,0,2,15.6,0,
STKE,Sol Strategies Inc. - Common Shares,أمريكا,1.71,0.96,47,90.6,0,0,78.6,,,62.7,0,66.1,0,0.0,-1,0,1,77.7,1,
STKS,The ONE Group Hospitality  Inc. - Common Stock,أمريكا,1.54,1.5,16,14.0,1,0,44.4,,,47.1,1,44.2,0,0.0,-1,0,1,14.0,0,
SUIG,Sui Group Holdings Limited - Common Stock,أمريكا,1.68,0.79,35,127.8,0,0,85.2,,,64.3,0,78.1,0,0.0,-1,0,1,94.8,1,
SUNE,SUNation Energy  Inc. - Common Stock,أمريكا,2.27,2.05,48,137.6,0,0,21.6,,,76.0,1,9.9,0,0.0,-1,0,3,122.4,0,
SVIA,Silvia  Inc. - Common Stock,أمريكا,4.47,1.44,59,246.5,0,0,72.2,,,57.7,0,64.7,1,117.2,-1,0,3,91.9,1,
SVRA,Savara  Inc. - Common Stock,أمريكا,4.78,4.71,0,4.2,0,0,35.7,,,31.8,1,34.7,0,0.0,-1,0,1,9.0,0,
SVRE,SaverOne 2014 Ltd. - American Depositary Shares,أمريكا,1.24,1.14,0,26.3,0,0,28.5,1:4,2026-02-25,93.8,1,26.3,0,835.5,-1,0,4,49.1,0,
SWAG,Stran & Company  Inc. - Common Stock,أمريكا,1.42,1.32,2,14.4,0,0,35.5,,,59.4,1,21.0,0,125.4,-1,0,4,17.3,0,
SWVL,Swvl Holdings Corp - Ordinary Shares,أمريكا,3.8,1.33,52,537.3,0,0,27.2,,,55.2,0,13.7,0,0.0,-1,0,2,67.8,0,
SXTC,China SXT Pharmaceuticals  Inc. - Class A Ordinary Shares,أمريكا,2.08,1.54,0,57.8,0,0,43.4,1:80,2026-08-10,100.0,1,43.4,0,9461.5,-1,0,3,83.7,1,
SXTP,60 Degrees Pharmaceuticals  Inc. - Common Stock,أمريكا,1.44,0.84,14,97.6,0,0,85.0,1:4,2026-01-20,83.3,0,74.6,0,0.0,-1,0,1,97.6,1,
SY,So-Young International Inc. - American Depository Shares,أمريكا,2.74,1.62,53,86.4,0,0,51.8,,,42.3,0,49.3,0,0.0,-1,0,0,12.2,0,
SYPR,Sypris Solutions  Inc. - Common Stock,أمريكا,1.82,1.67,29,19.2,1,1,60.0,,,61.6,0,30.6,0,0.0,-1,0,1,9.5,1,
TACT,TransAct Technologies Incorporated - Common Stock,أمريكا,4.53,4.4,2,10.2,0,0,33.5,,,24.8,1,15.9,0,0.0,-1,0,2,10.2,0,
TAOX,Tao Synergies Inc. - Common Stock,أمريكا,4.43,3.065,32,74.6,0,0,66.7,,,55.7,0,55.9,0,66.8,-1,0,2,47.4,0,
TARA,Protara Therapeutics  Inc.  - Common Stock,أمريكا,2.63,2.565,0,6.0,0,0,15.4,,,66.4,1,14.6,0,158.9,-1,0,4,12.9,0,
TBLA,Taboola.com Ltd. - Ordinary Shares,أمريكا,3.27,3.21,1,5.5,0,0,17.0,,,42.7,1,12.2,0,57.2,-1,0,3,7.3,0,
TC,Token Cat Limited - American Depositary Shares,أمريكا,1.64,1.55,54,132.9,0,0,24.6,,,91.8,1,24.6,0,0.0,-1,0,3,8.2,0,
TCPC,BlackRock TCP Capital Corp. - Closed End Fund,أمريكا,3.98,2.969,51,39.5,0,0,61.3,,,23.5,0,57.7,0,27.6,-1,0,0,10.4,0,
TDIC,Dreamland Limited - Class A Ordinary Shares,أمريكا,2.0,1.85,11,116.2,0,0,48.6,1:25,2026-06-15,99.8,1,48.6,0,42400.0,-1,0,3,116.2,1,
TDUP,ThredUp Inc. - Class A Common Stock,أمريكا,2.17,2.09,2,6.7,0,0,26.2,,,78.3,1,19.3,0,184.8,-1,0,4,9.3,1,
TELA,TELA Bio  Inc. - Common stock,أمريكا,1.14,0.604,32,148.3,0,0,52.8,,,28.8,0,52.8,0,0.0,-1,0,0,85.0,0,
TELO,Telomir Pharmaceuticals  Inc. - Common Stock,أمريكا,1.21,0.888,54,46.4,0,0,55.0,,,42.1,0,42.9,0,57.0,-1,0,1,18.2,0,
TENX,Tenax Therapeutics  Inc. - Common Stock,أمريكا,1.96,1.31,39,85.5,0,0,62.7,,,89.9,1,27.7,0,568.4,-1,0,4,14.7,1,
TGL,Treasure Global Inc. - Common Stock,أمريكا,1.26,1.21,4,58.7,1,1,30.4,1:20,2025-12-05,97.8,1,30.2,0,1114.3,-1,0,3,73.3,0,
THCH,TH International Limited - Ordinary shares,أمريكا,1.22,1.09,31,47.7,1,1,42.3,,,62.5,1,38.9,0,64.8,-1,0,3,27.9,0,
THH,TryHard Holdings Limited - Ordinary Shares,أمريكا,1.42,1.336,23,92.4,1,1,42.8,1:10,2026-08-10,99.7,1,34.7,0,0.0,-1,0,2,83.6,1,
THRY,Thryv Holdings  Inc. - Common Stock,أمريكا,1.49,1.485,0,2.7,0,0,20.2,,,88.1,1,20.2,0,669.5,-1,0,4,22.8,0,
TIGR,UP Fintech Holding Limited - American Depositary Shares representing fifteen Class A Ordinary Shares,أمريكا,4.4,4.133,1,8.4,0,0,38.2,,,61.2,1,21.5,0,29.9,-1,0,3,9.0,0,
TKLF,Tokyo Lifestyle Co.  Ltd. - American Depositary Shares,أمريكا,1.5,1.43,2,8.7,0,0,32.1,,,60.3,1,28.5,0,0.0,-1,0,3,14.8,0,
TLF,Tandy Leather Factory  Inc. - common stock,أمريكا,2.49,2.32,48,19.8,1,1,36.2,,,10.4,1,30.2,0,0.0,-1,0,1,10.8,0,
TLPH,Talphera  Inc. - Common Stock,أمريكا,1.16,1.09,1,9.2,0,0,42.1,,,26.1,1,20.0,0,0.0,-1,0,2,9.2,0,
TLRY,Tilray Brands  Inc. - Common Stock,أمريكا,3.72,3.54,2,7.1,0,0,39.5,1:10,2025-12-02,84.0,1,30.1,0,151.6,-1,0,3,10.9,0,
TLS,Telos Corporation - Common Stock,أمريكا,4.43,3.785,39,35.5,1,1,59.6,,,47.0,0,32.4,1,0.0,-1,0,1,15.7,1,
TLSA,Tiziana Life Sciences Ltd - Common Shares,أمريكا,1.07,0.76,13,57.9,0,0,62.5,,,54.1,0,48.0,0,0.0,-1,0,1,57.9,1,
TLSI,TriSalus Life Sciences  Inc. - Common Stock,أمريكا,4.38,3.9,59,51.5,1,1,39.6,,,44.9,1,34.8,0,0.0,-1,0,1,30.4,0,
TMC,TMC the metals company Inc. - Common Stock,أمريكا,3.77,3.4,47,58.2,1,1,50.6,,,66.8,1,37.1,0,0.0,-1,0,2,26.2,0,
TMCI,Treace Medical Concepts  Inc. - Common Stock,أمريكا,4.48,3.85,51,35.0,0,0,44.8,,,36.7,0,37.0,0,33.0,-1,0,1,8.6,0,
TMCR,The Metals Royalty Company Inc. - Common Stock,أمريكا,3.16,3.05,2,29.8,1,1,23.9,,,85.2,1,19.3,0,0.0,-1,0,3,50.3,0,
TNMG,TNL Mediagene - Ordinary Shares,أمريكا,4.4,0.307,53,2212.7,0,0,65.3,1:20,2025-12-23,64.2,0,55.2,0,73.6,-1,0,2,1627.5,0,
TNON,Tenon Medical  Inc. - Common Stock,أمريكا,3.7,2.4,18,351.7,0,0,36.4,1:35,2026-08-10,92.7,1,32.9,0,0.0,-1,0,2,351.7,1,
TOMZ,TOMI Environmental Solutions  Inc. - Common Stock,أمريكا,1.58,1.21,3,37.2,0,0,51.1,1:3,2026-07-20,52.6,0,23.5,1,0.0,-1,0,3,37.2,1,
TONX,TON Strategy Company - Common Stock,أمريكا,3.59,2.57,32,63.2,0,0,60.5,,,49.7,0,57.3,0,0.0,-1,0,0,45.7,0,
TOUR,Tuniu Corporation - American Depositary Shares,أمريكا,4.93,4.71,26,12.5,1,1,44.1,1:10,2026-04-22,37.6,1,42.6,0,0.0,-1,0,1,6.2,0,
TOYO,TOYO Co.  Ltd - Ordinary Shares,أمريكا,4.38,4.12,23,12.6,1,1,55.8,,,74.9,1,44.0,0,150.5,-1,0,3,9.8,1,
TRNR,Interactive Strength Inc. - Common Stock,أمريكا,2.22,2.1,2,11.4,0,0,32.3,1:7,2026-06-30,99.1,1,23.0,0,8098.2,-1,0,4,44.6,0,
TRON,Tron Inc. - Common Stock,أمريكا,1.35,1.35,55,78.1,1,0,43.8,,,71.0,1,26.4,0,53.3,-1,0,4,14.1,0,
TROO,TROOPS  Inc.  - Ordinary Shares,أمريكا,1.64,1.53,0,12.4,0,0,20.5,,,68.9,1,20.5,0,0.0,-1,0,3,17.1,0,
TRSG,Tungray Technologies Inc - Class A Ordinary Shares,أمريكا,1.13,1.0,2,25.0,0,0,23.5,,,35.4,1,23.2,0,0.0,-1,0,2,25.0,0,
TRUG,TruGolf Holdings  Inc. - Class A Common Stock,أمريكا,2.56,2.47,0,8.1,0,0,27.5,1:10,2026-09-29,99.1,1,24.1,0,50.4,-1,0,4,157.5,1,
TRVG,trivago N.V. - American Depositary Shares,أمريكا,4.73,4.45,1,13.5,0,0,37.3,,,30.4,1,37.3,0,0.0,-1,0,1,25.7,0,
TSHA,Taysha Gene Therapies  Inc. - Common Stock,أمريكا,4.49,4.37,0,6.2,0,0,33.1,,,38.5,1,33.1,0,0.0,-1,0,1,11.4,0,
TTEC,TTEC Holdings  Inc. - Common Stock,أمريكا,1.38,1.18,13,27.1,0,0,60.8,,,65.4,1,42.1,0,112.3,-1,0,3,27.1,1,
TTGT,TechTarget  Inc. - Common Stock,أمريكا,3.65,3.37,49,42.4,1,1,28.8,,,45.5,1,22.2,0,14.0,-1,0,2,7.4,0,
TULP,Bloomia Holdings  Inc. - Common Stock,أمريكا,2.71,2.34,3,29.1,1,1,31.9,,,51.0,1,23.5,0,41.0,-1,0,4,29.1,0,
TURB,Turbo Energy  S.A. - American Depositary Shares,أمريكا,1.05,0.88,13,134.1,0,0,53.3,,,83.8,1,46.4,0,178.1,-1,0,3,134.1,1,
TUSK,Mammoth Energy Services  Inc. - Common Stock,أمريكا,2.84,2.475,47,42.6,0,0,37.5,,,27.6,1,31.0,0,0.0,-1,0,1,11.1,0,
TVRD,Tvardi Therapeutics  Inc. - Common Stock,أمريكا,1.14,0.93,7,52.7,0,0,23.7,,,97.4,1,22.6,0,3496.5,-1,0,4,52.7,0,
TWAV,TaoWeave  Inc. - Common Stock,أمريكا,1.74,1.06,46,75.5,0,0,77.9,,,45.8,0,63.6,0,0.0,-1,0,0,59.0,1,
TXMD,TherapeuticsMD  Inc. - Common Stock,أمريكا,2.01,1.91,58,21.5,1,1,34.0,,,31.9,1,34.0,0,0.0,-1,0,1,7.8,0,
UCAR,U Power Limited - Class A Ordinary Shares,أمريكا,3.865,0.4,19,1875.0,0,0,51.9,1:10,2026-04-01,82.4,0,22.3,0,0.0,-1,0,2,1875.0,0,
UK,Ucommune International Ltd  - Class A Ordinary Shares,أمريكا,1.91,1.79,1,11.7,0,0,45.0,1:10,2026-04-30,83.3,1,38.4,0,0.0,-1,0,2,17.8,0,
UNCY,Unicycive Therapeutics  Inc. - Common Stock,أمريكا,4.19,4.09,1,13.0,0,0,31.3,,,52.1,1,24.2,0,72.8,-1,0,4,13.0,0,
UONE,Urban One  Inc.  - Class A Common Stock,أمريكا,3.9,3.89,1,4.4,0,0,31.2,1:10,2026-01-23,77.0,1,21.4,0,7.9,-1,0,3,17.0,0,
UONEK,Urban One  Inc.  - Class D Common Stock,أمريكا,3.44,3.44,0,3.2,0,0,31.9,1:10,2026-01-23,68.4,1,30.9,0,0.0,-1,0,2,13.1,0,
UPB,Upstream Bio  Inc. - Common Stock,أمريكا,4.85,4.665,0,9.3,0,0,29.4,,,85.6,1,26.9,0,434.6,-1,0,4,10.1,0,
UPC,Universe Pharmaceuticals Inc - Class A Ordinary Shares,أمريكا,4.34,3.09,47,173.1,0,0,46.4,,,75.8,1,41.7,0,142.2,-1,0,3,33.7,0,
ABEV,Ambev S.A. American Depositary Shares (Each representing 1 Common Share),أمريكا,3.25,2.737,31,22.4,0,0,67.5,,,5.1,0,33.7,1,0.0,-1,0,1,18.4,1,
ABR,Arbor Realty Trust Common Stock,أمريكا,3.47,3.4,0,6.8,0,0,11.7,,,68.2,1,11.3,0,120.5,-1,0,4,7.2,0,
ACCO,Acco Brands Corporation Common Stock,أمريكا,4.34,3.821,51,17.2,0,0,55.3,,,3.1,0,48.1,1,0.0,-1,0,1,6.3,1,
ACCS,ACCESS Newswire Inc. Common Stock,أمريكا,4.7,4.7,5,2.8,0,0,40.4,,,58.6,1,39.1,0,0.0,-1,0,2,9.6,1,
ACHR,Archer Aviation Inc. Class A Common Stock,أمريكا,4.72,4.3,55,69.5,0,0,32.4,,,67.7,1,32.4,0,0.0,-1,0,2,13.3,0,
ACP,abrdn Income Credit Strategies Fund Common Shares,أمريكا,4.37,4.37,0,1.6,0,0,38.0,,,14.9,1,29.8,0,9.2,-1,0,2,5.3,0,
ACRE,Ares Commercial Real Estate Corporation Common Stock,أمريكا,3.7,3.645,0,4.3,0,0,21.9,,,30.4,1,21.9,0,0.0,-1,0,2,6.1,0,
ADCT,ADC Therapeutics SA Common Shares,أمريكا,1.23,0.939,36,45.9,0,0,60.0,,,75.3,0,50.8,0,145.5,-1,0,2,30.7,0,
AHT,Ashford Hospitality Trust Inc Common Stock,أمريكا,2.25,2.18,2,8.3,0,0,10.6,,,62.7,1,2.0,0,0.0,-1,0,3,8.3,0,
AIB,AIB Data Centers Inc. Common Stock,أمريكا,1.62,0.95,22,87.4,0,0,60.4,,,74.2,0,48.5,0,85.8,-1,0,2,44.0,1,
AIRI,Air Industries Group Common Stock,أمريكا,2.47,2.3,31,19.6,0,0,40.4,,,37.5,1,40.4,0,0.0,-1,0,1,9.6,0,
AIV,Apartment Investment and Management Company Common Stock,أمريكا,1.88,1.87,0,2.7,0,0,9.8,,,40.4,1,7.4,0,0.0,-1,0,2,8.3,0,
AMBO,Ambow Education Holding Ltd. American Depository Shares (each representing twenty (20) Class A Ordinary Shares),أمريكا,1.831,1.67,38,32.9,0,0,32.0,,,72.9,1,32.0,0,15.8,-1,0,2,11.5,0,
AMBP,Ardagh Metal Packaging S.A. Ordinary Shares,أمريكا,4.44,4.27,2,5.3,0,0,25.7,,,17.1,1,18.7,0,0.0,-1,0,2,7.8,0,
AMC,AMC Entertainment Holdings  Inc. Class A Common Stock,أمريكا,2.79,1.82,59,86.8,0,0,57.9,,,17.9,0,57.9,0,0.0,-1,0,0,44.1,0,
AMPY,Amplify Energy Corp. Common Stock,أمريكا,4.43,3.65,48,39.2,0,0,31.1,,,34.8,1,20.6,0,37.7,-1,0,3,8.4,0,
AMS,American Shared Hospital Services Common Stock,أمريكا,1.35,1.35,0,3.7,0,0,38.7,,,47.7,1,38.7,0,0.0,-1,0,1,9.2,0,
ANGX,Angel Studios  Inc. Class A Common Stock,أمريكا,4.16,3.65,37,57.5,0,0,25.8,,,52.7,1,21.1,0,0.0,-1,0,3,27.5,0,
ANVS,Annovis Bio  Inc. Common Stock,أمريكا,1.2,1.04,13,37.5,0,0,55.7,,,78.2,1,52.9,0,40.8,-1,0,3,37.5,1,
APUS,Apimeds Pharmaceuticals US  Inc. Common Stock,أمريكا,4.59,1.51,13,505.3,0,0,63.1,1:10,2026-07-24,92.3,0,55.4,0,0.0,-1,0,1,505.3,1,
UPLD,Upland Software  Inc. - Common Stock,أمريكا,3.8,3.1,15,38.4,1,1,51.4,1:10,2026-06-17,86.2,1,46.0,0,0.0,-1,0,2,38.4,1,
UPXI,Upexi  Inc. - Common Stock,أمريكا,1.15,0.7,35,91.1,0,0,61.2,,,85.2,0,56.2,0,51.7,-1,0,2,42.3,0,
UROY,Uranium Royalty Corp. - Common Stock,أمريكا,4.07,2.56,48,94.5,0,0,44.3,,,26.3,0,32.5,0,17.7,-1,0,0,14.9,0,
USDEW,StablecoinX Inc. - Warrants,أمريكا,4.44,0.33,46,2015.2,0,0,65.9,,,36.4,0,63.7,0,0.0,-1,0,0,432.8,1,
USEA,United Maritime Corporation - Common Stock,أمريكا,2.665,2.369,56,30.6,0,0,29.2,,,13.9,1,29.2,0,0.0,-1,0,2,11.1,0,
USIO,Usio  Inc. - Common Stock,أمريكا,2.8,1.85,48,65.4,0,0,72.7,,,8.5,0,50.6,0,0.0,-1,0,0,35.5,1,
UTSI,UTStarcom Holdings Corp - Ordinary Shares,أمريكا,2.34,2.0,35,28.0,1,1,53.1,,,35.5,0,47.3,0,0.0,-1,0,0,18.8,1,
UXIN,Uxin Limited - American Depositary Shares,أمريكا,1.265,0.896,41,64.1,0,0,60.4,,,69.7,0,52.8,0,0.0,-1,0,1,40.0,1,
UZX,Linkage Global Inc - Class A Ordinary Shares,أمريكا,1.225,1.2,0,5.8,0,0,26.0,1:23,2026-09-21,98.3,1,20.8,0,296.2,-1,0,4,81.8,1,
VAI,Valor Energy Incorporated - Common Stock,أمريكا,2.2,1.14,54,110.5,0,0,60.8,,,8.3,0,48.8,0,0.0,-1,0,0,27.7,0,
VANI,Vivani Medical  Inc.  - Common Stock,أمريكا,1.22,1.17,11,12.0,1,1,48.0,,,36.5,1,36.9,0,0.0,-1,0,1,12.0,1,
VBIO,Valion Bio  Inc. - Common stock,أمريكا,2.48,2.05,13,114.1,0,0,56.0,1:25,2026-08-31,96.9,1,54.1,0,0.0,-1,0,2,114.1,1,
VERU,Veru Inc. - Common Stock,أمريكا,2.55,2.16,47,33.8,0,0,66.2,,,65.2,0,57.4,0,0.0,-1,0,1,17.9,1,
VFF,Village Farms International  Inc. - Common Shares,أمريكا,2.72,1.88,45,70.2,0,0,42.5,,,45.5,0,42.5,0,27.6,-1,0,0,14.3,0,
VFS,VinFast Auto Ltd. - Ordinary Shares,أمريكا,3.08,2.85,50,21.8,0,0,47.5,,,41.7,1,41.0,0,0.0,-1,0,1,15.7,0,
VGAS,Verde Clean Fuels  Inc. - Class A Common Stock,أمريكا,1.09,0.94,50,72.3,0,0,36.6,,,67.6,1,31.0,0,0.0,-1,0,2,19.1,0,
VIOT,Viomi Technology Co.  Ltd - American Depositary Shares,أمريكا,1.51,0.66,31,236.4,0,0,53.5,,,55.4,0,53.5,0,0.0,-1,0,1,111.4,1,
VIP,Vulcan Infrastructure and Power Inc. - Class A Common Stock,أمريكا,1.52,1.47,0,5.4,0,0,25.0,,,54.8,1,24.1,0,84.9,-1,0,4,14.3,0,
VIVK,Vivakor  Inc. - Common Stock,أمريكا,4.84,0.275,2,1867.3,0,0,91.9,1:20,2026-07-17,99.8,0,7.7,0,2569.4,-1,0,3,1867.3,1,
VIVO,VivoPower PLC - Class A Ordinary Shares,أمريكا,3.36,3.07,2,20.5,1,1,37.8,,,51.0,1,24.7,0,0.0,-1,0,3,20.5,0,
VNDA,Vanda Pharmaceuticals Inc. - Common Stock,أمريكا,4.58,4.45,41,26.7,1,0,33.3,,,53.9,1,30.6,0,61.1,-1,0,3,7.9,0,
VRAX,Virax Biolabs Group Limited - Ordinary Shares,أمريكا,2.4,2.04,4,63.7,0,0,42.6,1:25,2026-06-26,89.0,1,23.3,1,144.3,-1,0,5,63.7,1,
VRCA,Verrica Pharmaceuticals Inc. - Common Stock,أمريكا,4.31,4.25,0,6.8,0,0,43.9,,,56.1,1,33.9,0,0.0,-1,0,2,16.7,0,
VRRM,Verra Mobility Corporation - Class A Common Stock,أمريكا,2.87,2.78,0,5.4,0,0,22.8,,,88.7,1,17.5,0,545.6,-1,0,4,11.2,0,
VRXA,Veraxa Biotech AG - Ordinary Shares,أمريكا,1.13,1.105,1,5.0,0,0,4.7,,,95.9,1,3.7,0,4.4,-1,0,3,21.8,0,
VS,Versus Systems Inc. - Common Stock,أمريكا,1.07,1.01,5,15.8,0,0,35.8,,,56.7,1,35.8,0,0.0,-1,0,2,20.6,1,
VSA,VisionSys AI Inc. - American Depositary Shares,أمريكا,2.03,1.885,9,277.7,1,1,40.7,1:10,2026-05-26,99.9,1,40.4,0,23323.6,-1,0,3,277.7,0,
VTIX,Virtuix Holdings Inc. - Class A Common Stock,أمريكا,1.23,0.917,14,38.5,0,0,75.9,,,98.7,1,54.3,0,100.8,-1,0,3,38.5,1,
VTSI,VirTra  Inc. - Common Stock,أمريكا,2.84,2.691,3,8.3,0,0,43.7,,,54.8,1,25.5,0,31.3,-1,0,4,8.3,0,
VUZI,Vuzix Corporation  - Common Stock,أمريكا,2.98,2.1,48,59.5,0,0,65.9,,,47.0,0,59.7,0,0.0,-1,0,0,33.1,1,
VWAV,VisionWave Holdings  Inc. - Common Stock,أمريكا,4.35,0.36,13,2150.0,0,0,65.0,1:20,2026-09-22,98.6,1,37.9,0,104.6,-1,0,3,2150.0,1,
VYGR,Voyager Therapeutics  Inc. - Common Stock,أمريكا,2.46,2.39,0,6.7,0,0,18.2,,,55.7,1,14.9,0,0.0,-1,0,3,12.8,0,
WAFU,Wah Fu Education Group Limited - Ordinary Shares,أمريكا,1.47,1.22,40,150.8,1,1,55.4,,,52.0,0,53.1,0,0.0,-1,0,1,47.0,1,
WATR,Air Water Ventures Limited - Ordinary Shares,أمريكا,1.9,1.51,4,27.2,0,0,52.5,,,83.5,1,34.5,0,357.4,-1,0,3,38.7,1,
WCT,Wellchange Holdings Company Limited - Class A Ordinary shares,أمريكا,1.01,0.38,24,2084.2,0,0,10.9,1:50,2026-03-06,95.3,1,10.9,0,51.5,-1,0,4,553.5,0,
WETO,Wetour Robotics Limited - Ordinary Shares,أمريكا,1.05,0.986,0,16.6,0,0,27.4,1:100,2026-08-03,99.6,1,18.7,0,6376.2,-1,0,4,93.2,1,
WFF,WF Holding Limited - Ordinary Shares,أمريكا,2.29,1.39,36,670.5,0,0,60.1,1:5,2026-04-13,78.6,0,60.1,0,0.0,-1,0,1,60.6,1,
WHLR,Wheeler Real Estate Investment Trust  Inc. - Common Stock,أمريكا,1.09,0.32,13,2621.9,0,0,52.4,1:9,2026-09-22,100.0,1,48.0,0,942175.2,-1,0,3,2621.9,1,
WHWK,Whitehawk Therapeutics  Inc. - Common Stock,أمريكا,3.7,3.4,48,50.0,0,0,28.1,,,32.7,1,27.5,0,0.0,-1,0,2,7.9,0,
WKHS,Workhorse Group  Inc. - Common Stock,أمريكا,2.95,2.56,59,58.2,0,0,42.4,1:12,2025-12-08,79.2,1,37.5,1,0.0,-1,0,3,10.8,1,
WLDS,Wearable Devices Ltd. - Ordinary Share,أمريكا,1.38,1.3,55,400.0,1,1,32.1,1:3,2026-06-22,97.1,1,29.0,0,0.0,-1,0,3,43.3,1,
WNW,Meiwu Technology Company Limited - Ordinary Shares,أمريكا,2.36,2.28,16,20.6,1,1,50.6,1:100,2026-04-06,99.8,1,49.5,0,7739.0,-1,0,3,20.6,1,
WOK,WORK Medical Technology Group LTD - Class A Ordinary Shares,أمريكا,1.465,1.4,0,22.9,0,0,24.5,1:100,2026-06-18,100.0,1,24.5,0,2866794.1,-1,0,4,22.9,1,
WOOF,Petco Health and Wellness Company  Inc. - Class A Common Stock,أمريكا,2.18,2.14,1,4.2,0,0,23.7,,,43.8,1,20.9,0,0.0,-1,0,2,6.8,0,
WPRT,Westport Fuel Systems Inc - Common Shares,أمريكا,1.875,1.67,47,24.0,0,0,38.6,,,26.5,1,38.6,0,0.0,-1,0,1,17.6,0,
WRAP,Wrap Technologies  Inc. - Common Stock,أمريكا,1.45,1.32,4,15.2,0,0,35.3,,,55.1,1,25.4,1,0.0,-1,0,4,15.2,1,
WSHP,WeShop Holdings Limited - Class A Ordinary Shares,أمريكا,4.87,4.325,51,83.7,0,0,43.4,,,98.1,1,40.1,0,208.4,-1,0,3,50.8,0,
WTF,Waton Financial Limited - Ordinary Shares,أمريكا,2.37,2.24,8,16.1,1,1,45.3,,,62.6,1,41.4,0,25.7,-1,0,2,16.1,1,
WVE,Wave Life Sciences  Inc. - Common Stock,أمريكا,3.75,3.56,4,14.3,1,1,26.2,,,82.7,1,10.2,0,220.3,-1,0,4,14.3,0,
WVVI,Willamette Valley Vineyards  Inc. - Common Stock,أمريكا,2.0,1.65,2,30.9,0,0,55.0,,,50.0,1,31.3,1,0.0,-1,0,3,30.9,1,
WVVIP,Willamette Valley Vineyards  Inc. - Series A Redeemable Preferred Stock,أمريكا,3.01,2.405,36,523.2,0,0,52.0,,,79.9,0,45.1,0,0.0,-1,0,1,36.2,0,
WXM,WF International Limited - Ordinary Shares,أمريكا,3.57,2.685,59,376.7,0,0,43.9,1:10,2026-06-04,90.3,1,39.7,0,600.4,-1,0,3,31.0,0,
WYHG,Wing Yip Food Holdings Group Limited - American Depositary Shares,أمريكا,3.31,3.19,0,15.8,0,0,13.8,1:4,2026-06-02,87.4,1,13.8,0,0.0,-1,0,3,25.3,0,
XAIR,Beyond Air  Inc. - Common Stock,أمريكا,2.84,2.38,5,25.6,0,0,41.5,1:20,2026-07-13,94.9,1,39.4,0,407.0,-1,0,3,25.6,1,
XBIO,Xenetic Biosciences  Inc. - Common Stock,أمريكا,2.2,1.87,13,65.8,0,0,22.7,,,84.2,1,22.6,0,85.8,-1,0,4,65.8,0,
XBIT,XBiotech Inc. - Common Stock,أمريكا,2.18,2.13,4,3.8,0,0,46.5,,,36.6,1,46.5,0,0.0,-1,0,1,5.6,1,
XBP,XBP Global Holdings  Inc. - Common Stock,أمريكا,3.06,2.06,24,93.7,0,0,53.9,1:10,2025-12-15,64.2,0,53.9,0,0.0,-1,0,1,49.4,0,
XCH,XCHG Limited - ADS,أمريكا,3.26,2.81,19,36.3,0,0,55.6,1:20,2026-08-21,93.5,1,50.7,0,127.0,-1,0,3,36.3,1,
XCUR,Exicure  Inc. - Common Stock,أمريكا,1.07,1.05,30,52.4,1,0,28.9,,,88.7,1,25.0,0,545.8,-1,0,4,22.1,0,
XFOR,X4 Pharmaceuticals  Inc. - Common Stock,أمريكا,2.9,2.73,0,7.5,0,0,15.7,,,40.0,1,9.7,0,0.0,-1,0,2,29.3,0,
XHG,XChange TEC.INC - American Depositary Shares,أمريكا,1.9,0.85,58,750.6,0,0,18.6,,,73.7,1,9.9,0,0.0,-1,0,3,42.8,0,
XLAB,Exascale Labs Holdings Inc. - Class A Common Stock,أمريكا,1.385,1.22,0,26.2,0,0,0.9,,,87.6,1,0.5,0,0.0,-1,0,3,33.3,0,
XNDU,Xanadu Quantum Technologies Limited - Class B Subordinate Voting Shares,أمريكا,4.52,4.25,0,8.5,0,0,9.4,,,89.3,1,3.4,0,552.7,-1,0,4,16.2,0,
XNET,Xunlei Limited - American Depositary Shares,أمريكا,4.79,4.53,2,7.1,0,0,46.7,,,56.6,1,33.7,0,0.0,-1,0,2,7.1,0,
XOS,Xos  Inc. - Common Stock,أمريكا,3.33,1.85,35,167.6,0,0,85.2,,,59.7,0,49.4,0,0.0,-1,0,1,41.0,1,
XPON,Expion Energy  Inc. - Common Stock,أمريكا,4.46,2.77,53,325.6,0,0,42.0,1:12,2026-07-21,79.0,1,37.5,0,0.0,-1,0,2,20.4,0,
XRTX,XORTX Therapeutics Inc. - Common Shares,أمريكا,1.7,1.59,12,66.7,0,0,40.2,1:5,2026-04-06,75.9,1,27.6,0,197.1,-1,0,4,66.7,0,
XRX,Xerox Holdings Corporation - Common Stock,أمريكا,3.02,2.49,51,50.6,0,0,30.3,,,19.5,1,30.3,0,0.0,-1,0,1,17.9,0,
XTLB,XTL Biopharmaceuticals Ltd. - American Depositary Shares,أمريكا,2.18,2.11,4,14.7,1,1,35.5,1:4,2026-03-25,78.8,1,32.8,0,27.5,-1,0,2,14.7,0,
YAAS,Youxin Technology Ltd - Class A Ordinary shares,أمريكا,1.19,0.555,47,797.3,0,0,35.8,1:5,2026-07-30,76.1,1,25.3,1,26.1,-1,0,4,18.2,1,
YDDL,One and One Green Technologies. INC - Class A Ordinary Shares,أمريكا,1.41,1.376,1,5.4,0,0,39.7,,,91.3,1,24.5,1,793.6,-1,0,5,13.0,1,
YFOR,YYForce Inc. - Class A Ordinary Shares,أمريكا,1.38,1.02,55,110.8,0,0,49.4,1:30,2026-06-23,99.8,1,49.4,0,4573.9,-1,0,3,67.9,0,
YHC,LQR House Inc. - Common Stock,أمريكا,1.26,1.21,12,24.0,1,1,47.2,1:100,2026-07-13,98.9,1,38.5,0,6733.3,-1,0,3,24.0,1,
YHGJ,Yunhong Green CTI Ltd. - Common Stock,أمريكا,2.7,2.44,6,22.1,0,0,48.5,,,73.8,1,45.7,1,25.9,-1,0,3,22.1,1,
YI,111  Inc. - American Depositary Shares,أمريكا,3.15,2.68,19,52.2,0,0,36.1,,,71.8,1,36.1,0,0.0,-1,0,2,52.2,0,
YIBO,Planet Image International Limited - Class A Ordinary Shares,أمريكا,1.05,0.931,54,49.3,0,0,34.9,,,42.3,1,33.3,0,27.6,-1,0,1,11.8,0,
YJ,Yunji Inc. - American Depository Shares,أمريكا,1.64,1.18,46,1083.9,0,0,17.6,,,88.3,1,11.3,0,117.7,-1,0,4,19.9,0,
YMAT,J-Star Holding Co.  Ltd. - Class A Ordinary Shares,أمريكا,1.361,0.85,19,175.3,0,0,37.7,1:5,2026-07-10,89.5,1,25.2,0,0.0,-1,0,3,175.3,1,
YMT,Yimutian Inc. - American Depositary Shares; each representing 25 Class A ordinary shares,أمريكا,1.25,1.065,1,21.4,0,0,22.7,1:16,2026-08-27,99.8,1,12.7,0,36572.0,-1,0,4,64.0,1,
YQ,17 Education & Technology Group Inc. - American Depositary Shares,أمريكا,3.34,1.68,46,173.8,0,0,49.7,,,48.2,0,29.2,0,0.0,-1,0,1,51.8,0,
YSXT,YSX Tech. Co.  Ltd  - Class A Ordinary Shares,أمريكا,1.24,0.502,59,210.8,0,0,47.5,,,60.5,0,45.6,0,0.0,-1,0,1,26.5,0,
YXT,YXT.COM GROUP HOLDING LIMITED - American Depository Shares,أمريكا,2.265,2.13,2,14.6,0,0,51.7,1:10,2026-07-14,93.0,1,32.9,0,92.5,-1,0,3,15.5,1,
ZCMD,Zhongchao Inc. - Class A Ordinary Shares,أمريكا,1.91,1.424,28,51.7,1,1,66.0,1:2,2026-10-02,99.9,1,49.8,0,87933.5,-1,0,3,41.3,1,
ZDAI,DirectBooking Technology Co.  Ltd. - Class A Ordinary Shares,أمريكا,1.44,1.41,2,20.6,1,0,36.8,1:16,2026-02-19,88.0,1,36.8,0,4.2,-1,0,2,20.6,0,
ZENA,ZenaTech  Inc. - Common Stock,أمريكا,1.28,1.22,47,85.2,1,1,41.3,,,82.0,1,33.7,0,0.0,-1,0,2,16.4,0,
ZJK,ZJK Industrial Co.  Ltd. - Class A Ordinary Shares,أمريكا,1.954,1.541,44,75.9,0,0,35.4,,,51.8,1,27.4,0,0.0,-1,0,3,15.9,0,
ZJYL,JIN MEDICAL INTERNATIONAL LTD. - Class A Ordinary Shares,أمريكا,1.98,1.53,41,144.4,0,0,49.2,1:20,2026-03-16,83.5,1,24.7,1,0.0,-1,0,4,25.5,1,
ZKIN,ZK International Group Co.  Ltd - Ordinary Share,أمريكا,1.77,1.0,32,162.0,0,0,64.8,,,43.1,0,64.8,0,14.1,-1,0,0,154.4,1,
ZNB,Zeta Network Group - Class A Ordinary Shares,أمريكا,1.25,1.052,0,21.6,0,0,47.3,1:8,2026-07-27,100.0,1,27.3,0,189340.0,-1,0,4,83.0,1,
ZNTL,Zentalis Pharmaceuticals  Inc. - common stock,أمريكا,2.78,2.495,1,13.8,0,0,37.2,,,60.0,1,13.2,0,77.0,-1,0,4,13.8,0,
ZSQR,Z Squared Inc. - Common Stock,أمريكا,4.0,2.11,14,125.1,0,0,78.1,,,81.3,0,61.8,0,0.0,-1,0,1,125.1,1,
ZSTK,ZeroStack Corp. - Common Stock,أمريكا,4.82,1.32,48,839.4,0,0,51.7,,,76.4,0,48.5,1,0.0,-1,0,2,31.2,1,
ZURA,Zura Bio Limited - Class A Ordinary shares,أمريكا,3.93,3.84,7,13.5,0,0,17.5,,,47.2,1,5.7,0,0.0,-1,0,2,13.5,0,
ZYBT,Zhengye Biotechnology Holding Limited - Class A Ordinary Shares,أمريكا,1.19,0.698,59,1047.6,0,0,30.6,,,85.1,1,15.8,0,0.0,-1,0,3,10.7,0,
ARMP,Armata Pharmaceuticals  Inc. Common Stock,أمريكا,3.66,3.28,2,15.2,1,1,33.9,,,77.6,1,18.3,0,0.0,-1,0,3,40.4,0,
ATNM,Actinium Pharmaceuticals  Inc. (Delaware) Common Stock,أمريكا,1.2,0.735,42,93.2,0,0,42.4,,,31.0,0,20.9,0,0.0,-1,0,1,34.0,0,
AVAL,Grupo Aval Acciones y Valores S.A. ADR (Each representing 20 preferred shares),أمريكا,4.95,4.586,48,21.6,1,1,32.7,,,19.2,1,19.5,0,0.0,-1,0,2,5.7,0,
AVD,American Vanguard Corporation Common Stock ($0.10 Par Value),أمريكا,1.72,1.67,2,8.4,0,0,11.4,,,69.0,1,11.4,0,0.0,-1,0,3,10.3,0,
AWX,Avalon Holdings Corporation Common Stock,أمريكا,2.45,2.44,2,4.5,0,0,31.7,,,54.9,1,31.7,0,0.0,-1,0,2,4.5,0,
BAK,Braskem SA ADR,أمريكا,1.61,1.4,27,54.3,1,1,25.7,,,70.2,1,18.3,1,107.5,-1,0,5,25.4,1,
BATL,Battalion Oil Corporation Common Stock,أمريكا,1.05,1.01,0,5.0,0,0,18.6,,,96.5,1,16.7,0,1644.8,-1,0,4,16.3,0,
BBAI,BigBear.ai  Inc. Common Stock,أمريكا,2.61,2.57,0,3.5,0,0,37.0,,,72.2,1,36.1,0,80.8,-1,0,3,9.7,0,
BBD,Banco Bradesco Sa American Depositary Shares,أمريكا,4.33,2.977,31,47.8,0,0,77.9,,,1.6,0,44.2,1,0.0,-1,0,1,33.3,1,
BBDO,Banco Bradesco Sa American Depositary Shares (each representing one Common Share),أمريكا,3.76,2.895,26,35.7,0,0,74.6,,,4.3,0,40.9,1,0.0,-1,0,1,31.0,1,
BCHT,Birchtech Corp. Common Stock,أمريكا,1.46,1.14,21,55.3,0,0,40.5,1:5,2025-12-31,69.6,1,40.5,0,89.7,-1,0,3,51.3,0,
BDN,Brandywine Realty Trust Common Stock,أمريكا,2.73,2.72,2,4.4,0,0,24.2,,,26.1,1,20.5,0,0.0,-1,0,2,5.2,0,
BESS,Bimergen Energy Corporation Common Stock,أمريكا,1.86,1.7,0,44.7,0,0,27.0,,,89.1,1,26.2,0,464.5,-1,0,4,44.7,0,
BGS,B&G Foods  Inc. Common Stock,أمريكا,2.54,2.465,0,8.7,0,0,28.3,,,56.3,1,28.3,0,87.8,-1,0,4,10.1,0,
BGSF,BGSF  Inc. Common Stock,أمريكا,4.78,4.78,0,6.9,0,0,35.4,,,29.2,1,35.4,0,26.4,-1,0,1,6.9,0,
BHR,Braemar Hotels & Resorts Inc. Common Stock,أمريكا,1.55,1.55,0,7.1,0,0,15.6,,,51.4,1,15.6,0,0.0,-1,0,3,7.1,0,
BLND,Blend Labs  Inc. Class A Common Stock,أمريكا,1.04,1.0,0,7.0,0,0,22.4,,,71.2,1,18.2,0,86.5,-1,0,4,10.2,0,
BORR,Borr Drilling Limited Common Shares,أمريكا,4.15,3.75,37,31.5,1,1,43.1,,,37.6,1,33.8,0,48.3,-1,0,2,12.2,0,
BRBS,Blue Ridge Bankshares  Inc. Common Stock,أمريكا,3.93,3.32,51,26.4,0,0,41.3,,,6.3,0,22.9,0,0.0,-1,0,1,6.7,0,
BRIA,BrilliA Inc Class A Ordinary Shares,أمريكا,1.4,1.11,48,38.7,0,0,36.4,,,39.1,1,36.4,0,36.6,-1,0,2,26.2,0,
BRSP,BrightSpire Capital  Inc. Class A Common Stock,أمريكا,3.77,3.725,0,2.3,0,0,20.1,,,34.0,1,19.5,0,0.0,-1,0,2,7.7,0,
BTE,Baytex Energy Corp Common Shares,أمريكا,4.68,3.947,48,31.7,0,0,23.7,,,12.1,0,23.1,0,0.0,-1,0,1,8.2,0,
BUR,Burford Capital Limited Ordinary Shares,أمريكا,3.55,3.52,1,10.2,0,0,32.8,,,70.0,1,30.9,0,156.5,-1,0,3,14.8,0,
BURU,Nuburu  Inc. Common Stock,أمريكا,1.12,0.031,46,6190.3,0,0,44.1,1:5,2026-03-02,73.6,0,29.3,0,114.3,-1,0,3,5993.7,0,
CANF,Can-Fite Biopharma Ltd American Depositary Shares  each representing two (2) Ordinary Shares,أمريكا,2.14,2.12,0,1.4,0,0,35.3,1:20,2026-01-05,83.3,1,33.3,0,47.7,-1,0,3,10.6,1,
CANG,Cango Inc. Class A Ordinary Shares,أمريكا,2.72,1.36,46,109.6,0,0,67.8,1:10,2026-07-21,88.9,0,59.5,0,0.0,-1,0,1,57.3,1,
CATO,Cato Corporation (The) Class A Common Stock,أمريكا,2.39,2.3,15,11.7,1,1,47.8,,,48.2,1,44.6,0,0.0,-1,0,1,11.7,1,
CATX,Perspective Therapeutics  Inc. Common Stock,أمريكا,2.57,2.44,7,15.6,0,0,43.9,,,58.3,1,37.6,1,0.0,-1,0,3,16.8,1,
CCEL,Cryo-Cell International  Inc. Common Stock,أمريكا,3.71,3.13,37,56.5,0,0,39.2,,,24.3,1,39.2,0,11.9,-1,0,1,32.1,0,
CCIF,Carlyle Credit Income Fund Shares of Beneficial Interest,أمريكا,2.39,2.2,6,12.7,1,1,48.0,,,46.4,1,36.9,0,37.2,-1,0,2,12.7,1,
CCM,Concord Medical Services Holdings Limited American Depositary Shares (Each represents thirty (30) Class A ordinary shares),أمريكا,3.12,2.79,1,14.0,0,0,30.6,,,55.2,1,25.4,0,0.0,-1,0,3,17.6,0,
CCO,Clear Channel Outdoor Holdings  Inc. Common Stock,أمريكا,2.4,2.26,34,6.6,0,0,56.2,,,1.6,0,25.0,1,0.0,-1,0,2,3.4,1,
CFND,C1 Fund Inc. Common Stock,أمريكا,2.99,2.04,32,66.2,0,0,46.6,,,65.4,1,44.4,0,0.0,-1,0,2,22.8,0,
CHMI,Cherry Hill Mortgage Investment Corporation Common Stock,أمريكا,2.6,2.138,47,34.2,0,0,29.8,,,9.4,1,24.4,0,0.0,-1,0,2,4.2,0,
CIA,Citizens  Inc. Class A Common Stock ($1.00 Par),أمريكا,3.56,3.38,2,7.1,0,0,51.7,,,45.6,1,44.0,0,25.0,-1,0,1,11.0,1,
CIG,Comp En De Mn Cemig ADS American Depositary Shares,أمريكا,2.38,1.87,31,30.5,0,0,72.6,,,10.0,0,36.4,1,0.0,-1,0,1,20.8,1,
CIK,UBS Asset Management Income Fund  Inc. Common Stock,أمريكا,2.3,2.3,5,2.2,0,0,33.3,,,16.7,1,25.1,0,0.0,-1,0,2,2.6,0,
CINT,CI&T Inc Class A Common Shares,أمريكا,3.18,2.8,19,23.2,0,0,51.5,,,45.2,1,45.1,1,0.0,-1,0,2,23.2,1,
CITR,CitroTech Inc. Common Stock,أمريكا,2.85,2.65,3,30.8,0,0,17.8,,,72.5,1,15.4,0,0.0,-1,0,3,40.7,0,
CLDI,Calidi Biotherapeutics  Inc. Common Stock,أمريكا,1.05,1.03,4,8.7,0,0,40.1,1:16,2026-07-31,96.2,1,31.2,0,1029.1,-1,0,3,22.9,1,
CLPR,Clipper Realty Inc. Common Stock,أمريكا,3.14,2.623,45,35.3,0,0,35.6,,,18.3,1,35.1,0,0.0,-1,0,1,11.0,0,
CLVT,Clarivate Plc Ordinary Shares,أمريكا,1.45,1.43,0,4.5,0,0,13.1,,,62.9,1,13.1,0,0.0,-1,0,3,10.9,0,
CMCM,Cheetah Mobile Inc. American Depositary Shares  each representing fifty (50) Class A Ordinary Shares,أمريكا,2.62,2.5,10,20.6,1,1,36.5,,,71.4,1,16.7,0,59.5,-1,0,4,20.6,0,
CMTG,Claros Mortgage Trust  Inc. Common Stock,أمريكا,1.18,1.16,0,6.5,0,0,21.8,,,67.4,1,20.0,0,75.4,-1,0,4,8.7,0,
CNF,CNFinance Holdings Limited American Depositary Shares  each representing two hundred (200) Ordinary Shares,أمريكا,1.91,1.74,8,23.0,1,1,57.1,,,70.6,1,42.5,0,188.5,-1,0,3,23.0,1,
COPR,Idaho Copper Corporation Common Stock,أمريكا,3.27,2.05,45,82.9,0,0,43.2,,,23.1,0,17.3,0,0.0,-1,0,1,13.0,0,
COTY,Coty Inc. Class A Common Stock,أمريكا,2.72,2.2,59,40.5,0,0,54.7,,,39.1,0,46.1,0,0.0,-1,0,0,15.4,1,
CURV,Torrid Holdings Inc. Common Stock,أمريكا,2.46,1.92,59,48.7,1,1,64.9,,,13.8,0,51.3,1,0.0,-1,0,1,19.7,1,
CVM,Cel-Sci Corporation Common Stock,أمريكا,2.42,1.07,57,157.0,0,0,93.5,,,77.4,0,71.9,0,92.6,-1,0,2,88.4,1,
CWH,Camping World Holdings  Inc. Class A Common Stock,أمريكا,4.55,3.965,0,26.1,0,0,26.3,,,73.1,1,26.3,0,136.0,-1,0,4,26.1,0,
CYH,Community Health Systems  Inc. Common Stock,أمريكا,2.76,2.63,50,17.1,1,1,36.4,,,37.7,1,34.7,0,13.8,-1,0,1,10.8,0,
DAVA,Endava plc American Depositary Shares (each representing one Class A Ordinary Share),أمريكا,1.91,1.6,4,23.7,0,0,21.9,,,80.7,1,18.5,0,365.4,-1,0,4,23.7,0,
DDD,3D Systems Corporation Common Stock,أمريكا,3.56,2.43,47,60.5,0,0,62.4,,,13.6,0,54.9,0,0.0,-1,0,0,21.9,1,
DDL,Dingdong (Cayman) Limited American Depositary Shares (each two representing three Ordinary Shares),أمريكا,2.1,2.1,17,11.0,1,0,38.1,,,38.4,1,38.1,0,0.0,-1,0,1,11.0,0,
DHF,BNY Mellon High Yield Strategies Fund Common Stock,أمريكا,2.23,2.12,13,7.5,0,0,40.0,,,8.5,1,21.6,0,0.0,-1,0,2,7.5,0,
DHX,DHI Group  Inc. Common Stock,أمريكا,4.81,3.41,41,52.2,0,0,46.8,,,7.3,0,46.8,0,0.0,-1,0,0,27.8,0,
DLNG,Dynagas LNG Partners LP Common Units,أمريكا,3.76,3.257,56,21.3,0,0,48.1,,,13.3,0,46.3,0,0.0,-1,0,0,12.2,1,
DNN,Denison Mines Corp Ordinary Shares (Canada),أمريكا,2.63,2.52,2,5.2,0,0,34.7,,,40.6,1,15.5,0,14.1,-1,0,2,9.0,0,
DOUG,Douglas Elliman Inc. Common Stock,أمريكا,1.56,1.47,4,9.5,0,0,33.3,,,48.5,1,23.1,0,44.9,-1,0,3,9.5,0,
DSX,Diana Shipping inc. common stock,أمريكا,2.86,2.032,55,57.5,0,0,39.3,,,10.6,0,35.6,0,0.0,-1,0,0,10.7,0,
DZZ,DB Gold Double Short ETN due February 15  2038,أمريكا,1.783,1.56,29,28.2,0,0,49.0,,,85.7,0,49.0,0,0.0,-1,0,1,21.2,1,
EARN,Ellington Credit Company Common Shares of Beneficial Interest,أمريكا,3.66,3.66,0,10.7,0,0,31.6,,,25.3,1,31.6,0,0.0,-1,0,1,10.7,0,
ECC,Eagle Point Credit Company Common Share of Beneficial Interest,أمريكا,3.41,3.38,2,5.0,0,0,26.0,,,36.4,1,24.5,0,43.7,-1,0,3,5.0,0,
EDF,Virtus Stone Harbor Emerging Markets Income Fund Common Shares of Beneficial Interest,أمريكا,4.68,4.55,0,8.7,0,0,26.3,,,14.7,1,22.6,0,0.0,-1,0,2,8.7,0,
ELME,Elme Communities Common Stock,أمريكا,1.75,1.46,51,20.5,0,0,63.6,,,45.0,0,60.0,0,67.4,-1,0,1,8.6,1,
ENHA,Enhanced Group Inc. Class A Common Stock,أمريكا,1.45,1.37,2,8.5,0,0,44.4,,,85.7,1,38.6,0,0.0,-1,0,2,16.4,1,
ENIC,Enel Chile S.A. American Depositary Shares (Each representing 50 shares of Common Stock),أمريكا,4.31,4.09,2,6.8,0,0,51.0,,,8.6,1,35.6,0,0.0,-1,0,1,7.6,0,
EP,Empire Petroleum Corporation Common Stock,أمريكا,2.68,2.08,5,31.7,0,0,53.2,,,41.5,0,42.2,1,0.0,-1,0,1,31.7,1,
EPM,Evolution Petroleum Corporation  Inc. Common Stock,أمريكا,3.56,3.149,32,20.5,0,0,49.2,,,24.2,1,41.5,0,0.0,-1,0,1,10.7,0,
ESBA,Empire State Realty OP  L.P. Series ES Operating Partnership Units Representing Limited Partnership Interests,أمريكا,4.3,3.79,2,13.5,0,0,56.3,,,44.6,0,33.3,0,75.6,-1,0,1,13.5,1,
ESRT,Empire State Realty Trust  Inc. Class A Common Stock,أمريكا,4.23,3.93,11,8.8,0,0,50.0,,,46.0,1,40.8,0,32.7,-1,0,2,8.8,1,
EVEX,Eve Holding  Inc. Common Stock,أمريكا,1.7,1.67,0,3.6,0,0,28.1,,,67.1,1,28.1,0,0.0,-1,0,3,13.6,0,
EVF,Eaton Vance Senior Income Trust Common Stock,أمريكا,4.84,4.81,7,1.5,0,0,43.5,,,5.1,1,33.7,1,0.0,-1,0,2,1.5,1,
EVH,Evolent Health  Inc Class A Common Stock,أمريكا,3.61,2.95,45,70.5,0,0,44.0,,,57.3,1,19.7,0,53.0,-1,0,4,11.2,0,
FENG,Phoenix New Media Limited American Depositary Shares  each representing 48 Class A ordinary shares.,أمريكا,1.43,1.39,49,15.1,1,0,46.7,,,50.5,1,23.5,0,0.0,-1,0,3,8.5,0,
FINV,FinVolution Group American Depositary Shares,أمريكا,2.92,2.89,1,4.5,0,0,22.2,,,58.4,1,16.4,0,0.0,-1,0,3,7.8,1,
FISK,Empire State Realty OP  L.P. Series 250 Operating Partnership Units Representing Limited Partnership Interests,أمريكا,3.84,3.84,5,1.6,0,0,7.1,,,51.9,1,7.1,0,108.0,-1,0,4,1.6,0,
FJET,Starfighters Space  Inc. Common Stock,أمريكا,1.62,1.57,0,9.2,0,0,34.2,,,94.9,1,34.2,0,0.0,-1,0,2,34.2,1,
FLYX,flyExclusive  Inc. Class A Common Stock,أمريكا,1.23,1.05,47,32.4,1,1,57.6,,,86.1,1,57.6,0,0.0,-1,0,2,27.8,1,
FPH,Five Point Holdings  LLC Class A Common Shares,أمريكا,4.46,4.45,0,2.1,0,0,18.9,,,31.1,1,18.9,0,0.0,-1,0,2,6.4,0,
GAU,Galiano Gold Inc.,أمريكا,1.99,1.66,47,48.8,0,0,45.2,,,45.0,1,34.1,0,30.2,-1,0,2,11.1,0,
GCTS,GCT Semiconductor Holding  Inc. Common Stock,أمريكا,2.09,1.67,22,35.9,0,0,60.0,,,46.8,0,60.0,0,16.3,-1,0,0,27.9,1,
GCV,Gabelli Convertible and Income Securities Fund  Inc. (The) Common Stock,أمريكا,4.1,4.06,2,3.4,0,0,26.2,,,12.2,1,21.0,0,0.0,-1,0,2,8.0,0,
GGT,Gabelli Multi-Media Trust  Inc. (The) Common Stock,أمريكا,3.99,3.865,47,6.0,0,0,56.2,,,2.6,0,53.2,1,0.0,-1,0,1,3.8,1,
GHG,GreenTree Hospitality Group Ltd. American depositary shares  each representing one Class A ordinary share,أمريكا,1.0,0.927,1,10.0,0,0,45.0,,,56.6,1,34.1,0,0.0,-1,0,2,10.0,0,
GORO,Goldgroup Mining Inc. Common Shares,أمريكا,3.25,1.87,47,126.7,0,0,34.5,1:4,2026-07-10,50.5,1,26.4,0,0.0,-1,0,3,16.7,0,
GOTU,Gaotu Techedu Inc. American Depositary Shares,أمريكا,2.53,1.46,50,78.1,0,0,86.7,,,23.3,0,77.8,0,0.0,-1,0,0,27.5,1,
GRNT,Granite Ridge Resources  Inc. Common Stock,أمريكا,4.51,4.25,4,7.9,0,0,19.1,,,23.3,1,19.1,0,26.5,-1,0,2,7.9,0,
GRO,Brazil Potash Corp. Common Shares,أمريكا,2.25,1.99,48,37.7,0,0,45.6,,,43.6,1,34.4,0,33.8,-1,0,2,13.8,0,
GROV,Grove Collaborative Holdings  Inc. Class A Common Stock,أمريكا,1.04,0.863,29,29.8,0,0,59.1,,,33.8,1,47.8,0,0.0,-1,0,1,15.6,1,
GROY,Gold Royalty Corp. Common Shares,أمريكا,2.94,2.45,56,44.9,0,0,24.4,,,46.1,1,24.4,0,5.4,-1,0,2,10.4,0,
GTN,Gray Media  Inc. Common Stock,أمريكا,4.63,3.699,51,45.5,0,0,41.4,,,25.4,0,32.1,0,0.0,-1,0,0,8.1,0,
HIO,Western Asset High Income Opportunity Fund  Inc. Common Stock,أمريكا,3.24,3.24,6,2.8,0,0,32.9,,,9.4,1,29.9,0,0.0,-1,0,2,3.3,0,
HIX,Western Asset High Income Fund II Inc. Common Stock,أمريكا,3.51,3.46,5,4.0,0,0,22.7,,,10.5,1,16.6,0,0.0,-1,0,2,4.0,0,
HKD,AMTD Digital Inc. American Depositary Shares (every five of which represent two Class A Ordinary Shares),أمريكا,1.74,1.5,58,22.0,0,0,55.6,,,68.2,0,48.6,0,7.5,-1,0,1,10.2,1,
HLLY,Holley Inc. Common Stock,أمريكا,2.29,2.25,0,4.4,0,0,31.1,,,48.9,1,29.8,0,0.0,-1,0,2,12.3,0,
HOST,Host Digital Inc. Class A Common Stock,أمريكا,3.09,2.925,0,21.5,0,0,27.1,1:35,2026-08-31,88.6,1,27.1,0,234.6,-1,0,4,92.7,0,
HTT,High Templar Tech Limited American depositary shares  each representing one Class A ordinary share,أمريكا,2.29,2.27,0,3.5,0,0,22.2,,,54.7,1,22.2,0,34.3,-1,0,4,9.5,0,
HUYA,HUYA Inc. American depositary shares  each  representing one Class A ordinary share,أمريكا,2.27,2.02,17,19.6,0,0,66.7,,,51.1,0,66.7,0,0.0,-1,0,1,19.6,1,
HYLN,Hyliion Holdings Corp. Class A Common Stock,أمريكا,4.14,3.12,29,50.0,0,0,54.4,,,51.2,0,54.4,0,77.5,-1,0,2,29.3,1,
IAUX,i-80 Gold Corp. Common Shares,أمريكا,1.63,1.235,55,57.1,0,0,45.5,,,27.2,1,40.8,0,20.9,-1,0,1,16.0,0,
IBO,Impact BioMedical  Inc. Common Stock,أمريكا,4.84,4.84,0,11.4,0,0,28.2,1:13,2026-09-23,53.9,1,28.2,0,0.0,-1,0,3,40.6,0,
IH,iHuman Inc. American depositary shares  each representing five Class A ordinary shares,أمريكا,1.15,1.1,1,5.4,0,0,47.5,,,60.6,1,33.3,0,0.0,-1,0,2,8.0,1,
IHT,InnSuites Hospitality Trust Shares of Beneficial Interest,أمريكا,1.31,1.21,23,28.1,0,0,51.5,,,31.1,1,47.2,0,0.0,-1,0,1,26.0,0,
INDO,Indonesia Energy Corporation Limited Ordinary Shares,أمريكا,2.78,2.63,5,9.9,0,0,26.6,,,67.3,1,18.5,0,0.0,-1,0,3,9.9,0,
INLX,Intellinetics  Inc. Common Stock,أمريكا,5.0,5.0,19,15.2,1,0,47.0,,,57.4,1,37.6,0,122.0,-1,0,3,15.2,0,
ITRG,Integra Resources Corp. Common Shares,أمريكا,2.61,1.99,47,49.7,0,0,42.3,,,46.4,1,36.8,0,58.6,-1,0,2,12.3,0,
JAGU,Jaguar Uranium Corp. Class A Common Shares,أمريكا,1.17,1.05,2,23.8,1,1,25.3,,,78.7,1,16.4,0,0.0,-1,0,3,23.8,0,
JBI,Janus International Group  Inc. Common Stock,أمريكا,4.34,4.01,2,9.6,0,0,46.3,,,57.9,1,32.6,1,111.9,-1,0,4,9.6,1,
JELD,JELD-WEN Holding  Inc. Common Stock,أمريكا,1.76,1.07,50,139.3,0,0,40.1,,,64.6,1,40.1,0,137.2,-1,0,3,34.5,0,
JQC,Nuveen Credit Strategies Income Fund Shares of Beneficial Interest,أمريكا,4.62,4.57,7,4.4,0,0,47.3,,,3.1,1,47.3,0,0.0,-1,0,1,4.4,0,
KAPA,Kairos Pharma  Ltd. Common Stock,أمريكا,1.55,1.47,2,12.2,1,1,20.0,1:7,2026-09-01,83.8,1,20.0,0,30.5,-1,0,4,16.6,0,
KLC,KinderCare Learning Companies  Inc. Common Stock,أمريكا,1.81,1.81,1,5.2,0,0,16.9,,,73.7,1,14.3,0,156.9,-1,0,4,9.6,1,
KOS,Kosmos Energy Ltd. Common Shares (DE),أمريكا,2.52,2.13,56,47.9,0,0,24.3,,,24.6,1,24.3,0,0.0,-1,0,2,13.1,0,
KULR,KULR Technology Group  Inc. Common Stock,أمريكا,2.55,2.23,14,20.6,0,0,66.7,,,57.5,0,62.3,0,15.7,-1,0,1,20.6,1,
LAC,Lithium Americas Corp. Common Shares,أمريكا,2.55,2.49,0,4.0,0,0,32.9,,,75.8,1,23.6,0,187.1,-1,0,4,12.1,0,
LAW,CS Disco  Inc. Common Stock,أمريكا,4.18,3.46,42,33.2,0,0,42.4,,,54.1,0,42.4,0,0.0,-1,0,1,10.2,0,
LFT,Lument Finance Trust  Inc. Common Stock,أمريكا,4.97,4.96,1,6.7,0,0,20.0,1:10,2026-09-10,71.5,1,20.0,0,30.8,-1,0,4,14.3,0,
LITB,LightInTheBox Holding Co.  Ltd. American Depositary Shares  each representing twelve ordinary shares,أمريكا,2.92,2.8,53,20.7,1,1,45.5,,,30.0,1,31.5,0,0.0,-1,0,1,10.0,0,
LND,Brasilagro Brazilian Agric Real Estate Co Sponsored ADR (Brazil),أمريكا,3.7,3.37,4,12.5,0,0,59.4,,,16.9,0,14.8,1,0.0,-1,0,2,12.5,1,
LOCL,Local Bounti Corporation Common Stock,أمريكا,1.08,0.95,41,38.9,0,0,39.6,,,73.0,1,32.9,0,0.0,-1,0,2,29.4,0,
LODE,Comstock Inc. Common Stock,أمريكا,2.28,2.22,0,4.1,0,0,35.5,,,54.2,1,23.3,0,69.3,-1,0,4,16.9,0,
LPA,Logistic Properties of the Americas Ordinary Shares,أمريكا,3.12,2.65,2,28.7,1,1,50.9,,,34.0,0,29.8,1,0.0,-1,0,2,28.7,1,
LPL,LG Display Co  Ltd AMERICAN DEPOSITORY SHARES,أمريكا,3.1,2.76,47,30.8,1,1,51.2,,,46.8,1,35.1,1,82.9,-1,0,3,9.4,1,
LSF,Laird Superfood  Inc. Common Stock,أمريكا,3.15,3.15,0,11.1,0,0,26.0,,,46.5,1,26.0,0,0.0,-1,0,2,11.6,0,
LU,Lufax Holding Ltd American Depositary Shares  each representing two (2) Ordinary Shares,أمريكا,1.03,1.02,1,17.6,0,0,36.4,,,74.9,1,31.1,0,0.0,-1,0,2,22.8,0,
LUD,Luda Technology Group Limited Ordinary Shares,أمريكا,3.94,3.38,2,26.6,1,1,40.1,,,83.7,1,15.2,0,9.4,-1,0,3,26.6,0,
LVWR,LiveWire Group  Inc. Common Stock,أمريكا,1.47,0.648,57,450.9,0,0,63.8,,,77.2,0,63.8,0,0.0,-1,0,1,65.4,1,
LZM,Lifezone Metals Limited Ordinary Shares,أمريكا,3.83,3.0,47,56.7,0,0,54.1,,,40.2,1,39.7,0,0.0,-1,0,1,14.8,0,
MAIA,MAIA Biotechnology  Inc. Common Stock,أمريكا,1.18,1.15,4,6.1,0,0,34.0,,,63.0,1,31.5,0,73.7,-1,0,3,15.0,0,
MBI,MBIA Inc. Common Stock,أمريكا,4.47,4.19,2,6.9,0,0,48.2,,,43.2,1,28.4,1,0.0,-1,0,3,6.9,1,
MFM,Aberdeen Municipal Income Fund Common Shares of Beneficial Interest,أمريكا,4.78,4.75,0,2.7,0,0,24.0,,,14.3,1,22.0,0,0.0,-1,0,2,4.2,0,
MGF,Aberdeen Government Markets Income Fund Common Shares of Beneficial Interest,أمريكا,2.69,2.68,5,1.9,0,0,36.8,,,8.2,1,27.3,0,0.0,-1,0,2,2.9,0,
MGLD,The Marygold Companies  Inc. Common Stock,أمريكا,2.0,0.902,10,135.0,0,0,88.2,,,5.7,0,84.2,0,0.0,-1,0,0,135.0,1,
MIN,Aberdeen Intermediate Income Fund Common Shares of Beneficial Interest,أمريكا,2.28,2.28,0,2.2,0,0,41.6,,,8.0,1,38.1,0,0.0,-1,0,1,3.5,0,
MINE,Mayfair Gold Corp. Common Shares,أمريكا,2.7,2.25,58,51.1,0,0,39.8,,,44.7,1,27.2,0,0.0,-1,0,2,10.7,0,
MMT,Aberdeen Multi-Market Income Fund Common Shares of Beneficial Interest,أمريكا,4.21,4.17,0,3.1,0,0,40.9,,,6.9,1,40.9,0,0.0,-1,0,1,3.3,0,
MOGU,MOGU Inc. American Depositary Shares (each  representing 25 Class A Ordinary Shares),أمريكا,1.95,1.66,58,28.9,1,1,56.9,,,43.8,0,47.6,1,41.3,-1,0,2,18.9,1,
MPT,Medical Properties Trust  Inc. common stock,أمريكا,3.31,3.205,0,4.5,0,0,40.9,,,45.6,1,37.8,0,0.0,-1,0,1,9.5,0,
MPU,Mega Matrix Inc. Class A Ordinary Shares,أمريكا,2.6,0.17,21,2182.4,0,0,76.5,,,33.0,0,76.5,0,0.0,-1,0,0,2055.6,0,
MRT,Marti Technologies  Inc. Class A Ordinary Shares,أمريكا,1.91,1.32,59,75.8,0,0,37.5,,,30.5,1,37.5,0,0.0,-1,0,1,19.9,0,
MTNB,Matinas Biopharma Holdings  Inc. Common Stock,أمريكا,2.82,0.151,13,1919.9,0,0,85.9,,,7.5,0,83.7,0,0.0,-1,0,0,1919.9,1,
MTR,Mesa Royalty Trust Common Stock,أمريكا,2.44,2.17,23,24.4,1,1,45.5,,,57.5,1,31.3,0,83.2,-1,0,3,10.9,1,
MWG,Multi Ways Holdings Limited Class A Ordinary Shares,أمريكا,1.36,1.14,44,40.4,1,1,57.1,1:10,2026-02-23,77.5,0,57.1,0,127.2,-1,0,2,17.2,1,
MX,Magnachip Semiconductor Corporation Common Stock,أمريكا,3.54,2.72,13,59.2,0,0,71.0,,,64.1,0,69.9,0,0.0,-1,0,1,59.2,1,
MYO,Myomo Inc. Common Stock,أمريكا,1.67,0.88,54,114.2,0,0,82.1,,,11.4,0,68.7,0,0.0,-1,0,0,42.6,1,
NABL,N-able  Inc. Common Stock,أمريكا,4.46,2.98,38,50.7,0,0,61.5,,,48.9,0,51.7,0,34.8,-1,0,1,25.1,1,
NAK,Northern Dynasty Minerals  Ltd. Common Stock,أمريكا,1.3,1.2,13,27.5,0,0,53.8,,,56.4,1,43.1,0,0.0,-1,0,2,27.5,1,
NFGC,New Found Gold Corp Common Shares,أمريكا,1.57,1.34,47,52.6,0,0,45.1,,,56.3,1,44.3,0,9.6,-1,0,2,17.5,0,
NIO,NIO Inc. American depositary shares  each  representing one Class A ordinary share,أمريكا,3.42,3.37,1,3.0,0,0,35.9,,,56.5,1,27.3,0,23.7,-1,0,3,6.8,1,
NMG,Nouveau Monde Graphite Inc. Common Shares,أمريكا,1.14,1.14,0,5.7,0,0,25.6,,,81.2,1,20.6,0,0.0,-1,0,3,9.0,0,
NNVC,NanoViricides  Inc. Common Stock,أمريكا,1.45,1.0,17,78.0,0,0,64.5,,,35.0,0,59.5,1,0.0,-1,0,1,78.0,1,
NPWR,NET Power Inc. Class A Common Stock,أمريكا,1.29,1.29,0,7.8,0,0,14.1,,,75.2,1,14.1,0,0.0,-1,0,3,12.4,0,
NRGV,Energy Vault Holdings  Inc. Common Stock,أمريكا,3.87,2.5,47,96.0,0,0,44.4,,,41.8,1,40.6,0,0.0,-1,0,1,29.3,0,
NRO,Neuberger Real Estate Securities Income Fund Inc. Common Stock,أمريكا,2.52,2.515,0,2.6,0,0,20.6,,,16.9,1,20.6,0,0.0,-1,0,2,3.5,0,
NSRX,Nasus Pharma Ltd. Ordinary Shares,أمريكا,3.85,2.87,51,42.9,0,0,60.8,,,59.5,0,50.7,0,28.6,-1,0,1,29.7,1,
NTIP,Network-1 Technologies  Inc. Common Stock,أمريكا,1.55,1.394,59,17.0,0,0,51.3,,,8.5,0,51.3,0,0.0,-1,0,0,10.8,1,
NUS,Nu Skin Enterprises  Inc. Common Stock,أمريكا,4.63,4.434,38,15.1,1,1,44.3,,,59.1,1,33.3,1,110.1,-1,0,4,7.7,1,
NUVB,Nuvation Bio Inc. Class A Common Stock,أمريكا,4.95,4.85,0,6.4,0,0,29.1,,,49.2,1,28.4,0,62.0,-1,0,3,12.5,0,
NXB,NextBoat Inc. Common Stcok,أمريكا,1.91,1.785,46,34.5,1,1,34.7,,,51.0,1,33.0,0,0.0,-1,0,2,15.0,0,
NXDR,Nextdoor Holdings  Inc. Class A Common Stock,أمريكا,2.47,2.13,18,24.4,0,0,50.6,,,33.6,0,50.6,0,0.0,-1,0,0,24.4,1,
OGCP,Empire State Realty OP  L.P. Series 60 Operating Partnership Units Representing Limited Partnership Interests,أمريكا,4.1,3.76,5,9.8,0,0,50.0,,,48.6,1,36.8,0,94.6,-1,0,2,9.8,1,
OGG,Osisko Gold Group Inc. Common Shares,أمريكا,2.85,2.18,51,49.1,0,0,55.6,,,40.6,0,46.5,1,0.0,-1,0,1,16.1,1,
ONL,Orion Properties Inc. Common Stock,أمريكا,2.36,2.345,0,3.2,0,0,40.3,,,22.0,1,37.5,0,0.0,-1,0,1,8.8,0,
OSG,Octave Specialty Group  Inc. Common Stock,أمريكا,4.58,3.99,5,18.0,0,0,38.2,,,55.9,0,17.3,1,21.8,-1,0,3,18.0,1,
OSTX,OS Therapies Incorporated Common Stock,أمريكا,1.6,1.4,32,43.9,0,0,30.4,,,28.9,1,30.4,0,0.0,-1,0,1,23.5,0,
PAAI,Paradium.AI  Inc. Common Stock,أمريكا,1.06,0.82,50,323.2,0,0,51.1,,,82.2,1,51.1,0,35.8,-1,0,3,298.9,0,
PACK,Ranpak Holdings Corp Class A Common Stock,أمريكا,3.96,3.765,14,17.4,1,1,56.3,,,49.3,1,55.1,0,19.2,-1,0,1,17.4,1,
PCM,PCM Fund  Inc. Common Stock,أمريكا,5.0,4.85,4,4.7,0,0,48.0,,,15.8,1,30.6,0,0.0,-1,0,1,4.7,1,
PERF,Perfect Corp. Class A Ordinary Share,أمريكا,1.92,1.67,39,17.3,0,0,41.7,,,10.7,0,40.0,0,0.0,-1,0,0,3.4,0,
PEW,GrabAGun Digital Holdings Inc. Common Stock,أمريكا,1.98,1.93,1,7.8,0,0,35.3,,,62.1,1,25.0,0,105.8,-1,0,4,8.7,0,
PHK,Pimco High Income Fund,أمريكا,4.06,4.04,7,4.2,0,0,32.3,,,12.7,1,24.2,0,0.0,-1,0,2,4.2,0,
PIM,Franklin Master Intermediate Income Trust Shares of Beneficial Interest,أمريكا,2.97,2.95,1,2.7,0,0,38.7,,,7.3,1,28.3,0,0.0,-1,0,2,3.9,0,
PLG,Platinum Group Metals Ltd. Ordinary Shares (Canada),أمريكا,1.29,1.18,55,43.2,0,0,38.9,,,68.1,1,19.6,0,142.6,-1,0,4,10.1,0,
PLX,Protalix BioTherapeutics  Inc. (DE) Common Stock,أمريكا,2.71,2.17,35,31.3,0,0,54.7,,,15.0,0,45.3,0,0.0,-1,0,0,9.6,0,
PNNT,PennantPark Investment Corporation Common Stock,أمريكا,3.23,3.054,54,23.6,0,0,31.4,,,41.0,1,31.0,0,0.0,-1,0,1,5.3,0,
PPT,Franklin Premier Income Trust Shares of Beneficial Interest,أمريكا,3.27,3.23,4,2.8,0,0,48.9,,,5.5,1,25.6,1,0.0,-1,0,3,2.8,1,
PRT,PermRock Royalty Trust Units of Beneficial Interest,أمريكا,1.88,1.82,1,6.0,0,0,28.1,,,49.6,1,23.0,0,0.0,-1,0,2,8.5,0,
PSQH,PSQ Holdings  Inc. Class A Common Stock,أمريكا,4.12,2.95,48,135.3,0,0,35.8,1:15,2026-07-13,89.0,1,35.8,0,0.0,-1,0,2,22.1,0,
PVL,Permianville Royalty Trust Units of Beneficial Interest,أمريكا,1.79,1.616,46,15.9,0,0,33.7,,,6.4,0,33.7,0,0.0,-1,0,0,3.7,0,
PZG,Paramount Gold Nevada Corp. Common Stock,أمريكا,1.15,1.055,47,61.1,0,0,29.7,,,57.6,1,29.7,0,68.7,-1,0,4,11.1,0,
QNC,Quantum eMotion Corp. Common Shares,أمريكا,1.64,1.46,3,21.2,1,1,46.3,,,63.1,1,42.8,0,43.9,-1,0,3,34.8,0,
RC,Ready Capital Corporation Common Stock,أمريكا,1.1,1.079,0,4.7,0,0,17.3,,,70.2,1,12.5,0,82.0,-1,0,4,14.5,0,
RCG,RENN Fund  Inc Common Stock,أمريكا,2.978,2.66,36,14.7,0,0,35.8,,,10.0,0,35.8,0,0.0,-1,0,0,6.3,0,
REI,Ring Energy  Inc. Common Stock,أمريكا,1.34,1.12,48,41.1,0,0,22.5,,,33.0,1,21.4,0,23.1,-1,0,2,7.0,0,
RERE,ATRenew Inc. American Depositary Shares (every three of which representing two Class A ordinary shares),أمريكا,3.76,3.63,1,4.7,0,0,39.4,,,40.5,1,25.0,0,39.6,-1,0,3,4.7,0,
RFL,Rafael Holdings  Inc. Class B Common Stock,أمريكا,1.47,1.2,3,30.8,0,0,25.9,,,62.9,1,10.6,0,36.1,-1,0,4,30.8,0,
RGNT,Regentis Biomaterials Ltd. Ordinary Shares,أمريكا,1.67,1.66,0,12.0,0,0,44.2,,,89.2,1,43.0,0,0.0,-1,0,2,43.4,0,
RLX,RLX Technology Inc. American Depositary Shares  each representing the right to receive one (1) Class A ordinary share,أمريكا,1.72,1.645,5,5.8,0,0,48.0,,,33.8,1,34.6,0,16.3,-1,0,1,5.8,1,
ROLR,High Roller Technologies  Inc. Common Stock,أمريكا,4.87,4.8,3,17.6,1,0,9.8,,,85.5,1,9.8,0,243.1,-1,0,4,17.6,0,
RWT,Redwood Trust  Inc. Common Stock,أمريكا,3.44,3.079,17,29.3,0,0,37.3,,,44.6,1,37.3,0,36.5,-1,0,2,29.3,0,
SDEV,Stablecoin Development Corporation Common Stock,أمريكا,3.94,0.78,14,1159.0,0,0,62.9,1:5,2026-02-23,96.1,0,62.9,0,1387.3,-1,0,2,1159.0,1,
SER,Serina Therapeutics  Inc. Common Stock,أمريكا,2.04,1.93,57,51.1,1,1,33.3,,,65.0,1,24.2,0,160.3,-1,0,4,21.5,0,
SID,Companhia Siderurgica Nacional S.A. Common Stock,أمريكا,1.24,0.84,38,64.3,0,0,53.3,,,43.6,0,25.0,0,29.8,-1,0,1,39.2,0,
SITC,SITE Centers Corp. Common Stock,أمريكا,3.24,2.8,17,26.6,0,0,67.3,,,37.9,0,67.3,0,0.0,-1,0,0,26.6,1,
SJT,San Juan Basin Royalty Trust Common Stock,أمريكا,3.69,2.37,44,65.4,0,0,75.9,,,43.7,0,68.7,0,0.0,-1,0,0,34.7,1,
SLI,Standard Lithium Ltd. Common Shares,أمريكا,1.72,1.71,0,2.9,0,0,26.8,,,73.1,1,18.2,0,36.6,-1,0,4,12.9,0,
SMHB,ETRACS Monthly Pay 2x Leveraged Small Cap High Dividend ETN Series B,أمريكا,3.245,3.19,1,6.9,0,0,19.3,,,24.5,1,17.7,0,0.0,-1,0,2,10.3,0,
SMJF,SMJ International Holdings Inc. Class A Ordinary Shares,أمريكا,1.75,0.9,26,1150.0,1,1,63.3,,,84.8,1,63.3,0,0.0,-1,0,2,208.0,1,
SMRT,SmartRent  Inc. Class A Common Stock,أمريكا,1.2,0.905,56,68.0,0,0,58.3,,,45.5,1,46.2,0,0.0,-1,0,1,9.7,1,
SOC,Sable Offshore Corp. Common Stock,أمريكا,3.47,3.28,2,12.8,0,0,19.8,,,83.3,1,15.2,0,154.5,-1,0,4,13.7,0,
SPCE,Virgin Galactic Holdings  Inc. Common Stock,أمريكا,3.05,2.37,59,46.4,0,0,50.4,,,65.7,0,50.4,0,0.0,-1,0,1,18.0,0,
SPRU,Spruce Power Holding Corporation Class A Common Stock,أمريكا,1.56,1.47,14,59.5,1,1,45.8,,,76.9,1,45.8,0,0.0,-1,0,2,59.5,0,
SQNS,Sequans Communications S.A. American Depositary Shares (each representing one hundred (100) Ordinary Shares),أمريكا,2.74,2.41,44,32.0,0,0,38.5,,,73.1,1,38.5,0,0.0,-1,0,2,13.8,0,
SRG,Seritage Growth Properties Class A Common Stock,أمريكا,1.75,1.565,2,18.8,0,0,29.7,,,60.0,1,20.4,1,0.0,-1,0,4,18.8,1,
SRXH,SRX Global Inc. Common Stock,أمريكا,1.49,1.3,42,56.9,0,0,36.2,1:60,2026-07-06,96.4,1,36.2,0,646.2,-1,0,3,25.9,1,
SST,System1  Inc. Class A Common Stock,أمريكا,2.3,1.44,54,278.5,0,0,30.5,,,72.6,1,24.8,0,0.0,-1,0,3,44.0,0,
SSTK,Shutterstock  Inc. Common Stock,أمريكا,4.01,3.76,0,7.2,0,0,27.1,,,85.5,1,15.0,1,471.7,-1,0,5,13.0,1,
STEM,Stem  Inc. Class A Common Stock,أمريكا,4.25,3.7,7,29.7,0,0,43.6,,,86.8,1,36.1,0,436.2,-1,0,3,29.7,1,
STG,Sunlands Technology Group American Depositary Shares  representing Class A ordinary shares,أمريكا,2.78,2.6,31,38.5,1,1,39.0,,,67.4,1,37.7,0,165.5,-1,0,3,7.1,1,
STLA,Stellantis N.V. Common Shares,أمريكا,4.49,4.3,2,9.5,0,0,35.0,,,63.3,1,23.9,0,125.4,-1,0,4,9.5,0,
STXS,Stereotaxis  Inc. Common Stock,أمريكا,1.18,1.17,0,2.6,0,0,31.6,,,67.1,1,30.8,0,0.0,-1,0,2,11.1,0,
TE,T1 Energy Inc. Common Stock,أمريكا,3.7,3.495,46,80.8,1,1,38.2,,,70.4,1,27.9,0,23.5,-1,0,3,15.1,0,
TGE,The Generation Essentials Group Class A Ordinary Shares,أمريكا,1.09,0.803,5,136.6,0,0,57.7,,,66.0,0,30.6,0,0.0,-1,0,1,136.6,1,
TGEN,Tecogen Inc. Common Stock,أمريكا,2.54,2.51,0,6.6,0,0,35.4,,,79.0,1,35.4,0,0.0,-1,0,2,17.2,0,
THM,International Tower Hill Mines  Ltd. Ordinary Shares (Canada),أمريكا,2.43,1.66,44,79.5,0,0,53.5,,,33.4,1,51.2,0,11.5,-1,0,1,31.3,0,
TII,Titan Mining Corporation Common Shares,أمريكا,2.5,1.87,48,80.7,0,0,36.9,1:2,2025-11-03,55.8,1,28.9,0,0.0,-1,0,3,18.0,0,
TLYS,Tilly's  Inc. Common Stock,أمريكا,4.61,3.55,46,76.1,0,0,46.1,,,26.2,0,43.5,0,0.0,-1,0,0,23.8,1,
TMQ,Trilogy Metals Inc. Common Stock,أمريكا,3.04,2.81,55,42.3,0,0,41.0,,,73.1,1,30.1,0,95.1,-1,0,3,14.1,0,
TPET,Trio Petroleum Corp. Common Stock,أمريكا,1.55,1.52,0,3.9,0,0,18.2,1:9,2026-08-31,93.1,1,18.2,0,753.5,-1,0,4,35.7,0,
TPVG,TriplePoint Venture Growth BDC Corp. Common Stock,أمريكا,4.83,4.146,50,27.2,0,0,50.7,,,17.1,1,50.3,0,0.0,-1,0,1,6.7,0,
TROX,Tronox Holdings plc Ordinary Shares (UK),أمريكا,3.91,3.7,2,7.3,0,0,28.8,,,62.6,1,22.5,0,148.1,-1,0,4,10.5,1,
TRX,TRX Gold Corporation Common Stock,أمريكا,1.17,0.68,55,113.2,0,0,47.5,,,58.2,0,43.3,0,9.4,-1,0,1,33.0,0,
TSI,TCW Strategic Income Fund  Inc. Common Stock,أمريكا,4.24,4.143,15,5.5,0,0,40.4,,,10.0,1,40.4,0,0.0,-1,0,1,5.5,0,
TSQ,Townsquare Media  Inc. Class A Common Stock,أمريكا,4.44,4.32,2,9.4,0,0,31.4,,,40.7,1,24.3,0,0.0,-1,0,2,12.2,0,
TUYA,Tuya Inc. American Depositary Shares  each representing one Class A Ordinary Share,أمريكا,1.68,1.6,11,13.1,1,1,41.2,,,36.2,1,38.0,0,46.1,-1,0,2,13.1,0,
TV,Grupo Televisa S.A.B. Common Stock,أمريكا,2.29,2.18,13,18.8,1,1,52.4,,,34.4,1,42.9,1,14.8,-1,0,2,18.8,1,
UA,Under Armour  Inc. Class C Common Stock,أمريكا,4.57,4.16,4,13.5,0,0,39.1,,,42.2,1,23.1,1,36.1,-1,0,4,13.5,1,
UAA,Under Armour  Inc. Class A Common Stock,أمريكا,4.7,4.22,4,14.9,0,0,39.3,,,42.3,1,22.1,1,35.5,-1,0,4,14.9,1,
UAMY,United States Antimony Corporation Common Stock,أمريكا,3.95,3.85,0,4.9,0,0,24.8,,,80.0,1,19.1,0,63.3,-1,0,4,11.9,0,
UIS,Unisys Corporation New Common Stock,أمريكا,2.32,2.16,5,10.2,0,0,33.3,,,53.4,1,29.6,0,46.6,-1,0,4,10.2,1,
UP,Wheels Up Experience Inc. Class A Common Stock,أمريكا,3.43,3.14,13,27.4,1,1,53.3,1:20,2026-04-27,92.0,1,35.7,0,0.0,-1,0,2,27.4,1,
URG,Ur Energy Inc Common Shares (Canada),أمريكا,1.06,1.03,0,3.9,0,0,23.3,,,54.9,1,15.4,0,0.0,-1,0,3,6.8,0,
USAS,Americas Gold and Silver Corporation Common Shares  no par value,أمريكا,4.43,3.53,55,66.6,0,0,44.5,,,57.8,1,35.2,0,55.5,-1,0,3,18.2,0,
UUU,Universal Safety Products  Inc. Common Stock,أمريكا,4.72,3.02,48,116.9,0,0,39.5,,,39.6,1,32.7,0,0.0,-1,0,1,19.3,0,
UWMC,UWM Holdings Corporation Class A Common Stock,أمريكا,1.29,0.93,41,79.6,0,0,51.4,,,77.5,1,25.0,0,309.6,-1,0,4,15.7,1,
VENU,Venu Holding Corporation Common Stock,أمريكا,1.43,1.31,2,10.7,0,0,33.3,,,89.8,1,23.7,0,490.2,-1,0,4,12.2,0,
VGZ,Vista Gold Corp Common Stock,أمريكا,2.61,1.49,55,94.0,0,0,72.3,,,16.6,0,70.7,0,0.0,-1,0,0,39.6,1,
VIDA,VIDA Global Inc. Class A Common Stock,أمريكا,1.52,1.5,0,7.3,0,0,28.4,,,75.5,1,21.1,0,0.0,-1,0,3,26.4,0,
VLN,Valens Semiconductor Ltd. Ordinary Shares,أمريكا,1.88,1.41,48,45.7,0,0,71.0,,,49.3,0,61.2,0,0.0,-1,0,0,25.4,1,
VOC,VOC Energy Trust Units of Beneficial Interest,أمريكا,3.42,2.81,46,24.6,0,0,48.4,,,2.3,0,48.4,0,0.0,-1,0,0,5.5,0,
VTEX,VTEX Class A Common Shares,أمريكا,3.79,3.44,25,13.4,0,0,62.0,,,18.0,0,47.2,0,15.3,-1,0,0,11.4,1,
VVR,Invesco Senior Income Trust Common Stock (DE),أمريكا,2.87,2.84,7,2.8,0,0,42.9,,,6.2,1,33.2,1,0.0,-1,0,2,2.8,1,
VZLA,Vizsla Silver Corp. Common Shares,أمريكا,3.51,2.925,55,47.4,0,0,41.9,,,51.2,1,41.9,0,86.5,-1,0,3,20.1,0,
WBX,Wallbox N.V. Class A Ordinary Shares,أمريكا,2.76,2.42,2,19.3,0,0,32.2,,,64.8,1,19.4,0,0.0,-1,0,3,19.3,0,
WDH,Waterdrop Inc. American Depositary Shares (each representing the right to receive 10 Class A Ordinary Shares),أمريكا,1.03,0.96,42,19.7,1,1,47.1,,,48.3,1,47.1,0,0.0,-1,0,1,12.6,1,
WIT,Wipro Limited Common Stock,أمريكا,1.69,1.59,4,16.4,0,0,43.2,,,44.7,1,40.5,0,72.0,-1,0,2,16.4,1,
WRN,Western Copper and Gold Corporation Common Stock,أمريكا,2.16,2.0,55,32.0,0,0,42.2,,,49.3,1,33.3,0,6.5,-1,0,1,14.9,0,
WTI,W&T Offshore  Inc. Common Stock,أمريكا,3.6,3.122,48,37.7,0,0,30.7,,,28.8,1,29.6,0,0.0,-1,0,2,11.1,0,
XPOF,Xponential Fitness  Inc. Class A Common Stock,أمريكا,4.64,3.565,11,34.8,0,0,71.2,,,49.8,0,59.7,0,71.1,-1,0,1,34.8,1,
XYF,X Financial American Depositary Shares  each representing six Class A Ordinary Shares,أمريكا,4.95,4.357,57,27.2,0,0,45.9,,,62.8,1,45.2,0,0.0,-1,0,2,14.8,0,
YSG,Yatsen Holding Limited American Depositary Shares  each representing twenty (20) Class A Ordinary Shares,أمريكا,2.58,2.36,21,26.6,1,1,50.8,,,71.5,1,40.5,0,69.4,-1,0,3,22.0,1,
ZDGE,Zedge  Inc. Class B Common Stock ,أمريكا,2.93,2.84,32,10.9,1,1,44.6,,,36.5,1,35.4,0,0.0,-1,0,1,10.0,0,
ZEPP,Zepp Health Corporation American depositary shares  each representing sixteen Class A ordinary shares,أمريكا,3.86,3.63,0,7.7,0,0,31.5,,,93.8,1,18.3,0,432.4,-1,0,4,15.7,0,
ZH,Zhihu Inc. American Depositary Shares  each representing three (3) Class A Ordinary Shares,أمريكا,3.37,2.56,21,57.4,0,0,65.4,,,33.8,0,65.4,0,0.0,-1,0,0,54.4,1,
ZIP,ZipRecruiter  Inc. Class A Common Stock,أمريكا,3.61,3.35,4,9.0,0,0,39.5,,,35.7,1,33.6,1,0.0,-1,0,2,12.0,1,
ZKH,ZKH Group Limited American Depositary Shares  each representing thirty-five (35) Class A Ordinary Shares,أمريكا,2.47,2.44,0,9.8,0,0,31.0,,,36.7,1,31.0,0,0.0,-1,0,1,9.8,0,
ZVIA,Zevia PBC Class A Common Stock,أمريكا,1.21,1.17,3,8.5,0,0,40.4,,,56.5,1,40.4,0,0.0,-1,0,2,22.5,0,
